database_version,material_id,formula,composition_key,elements,n_elements,spacegroup_no,crystal_system,e_above_hull,band_gap,theoretical,icsd_ids,pauling_ids,last_updated,disposition,disposition_reason,ranking_score,ensemble_spread,ad_distance,screen_rank,evidence_state
2026.04.13,mp-1001069,Li48P16S61,Li:0.38400000|P:0.12800000|S:0.48800000,Li;P;S,3,6,Monoclinic,0.018982198731428,2.2955,True,,,2016-07-22 01:09:20+00:00,screen_candidate,outside OBELiX composition set,-4.84914265144327,0.15295070527240517,0.5716396397316208,42,high_score_lower_risk
2026.04.13,mp-1020013,Li2S2O7,Li:0.18181818|O:0.63636364|S:0.18181818,Li;O;S,3,62,Orthorhombic,0.0,5.5360000000000005,False,icsd-188009,,2022-01-01 02:20:30.449000+00:00,oxygen_scope_exclusion,contains oxygen; outside the declared Li-S scope,-9.35535387412001,0.6543473072986635,5.598303998115698,232,not_applicable
2026.04.13,mp-1020018,Li5B(SO4)4,B:0.03846154|Li:0.19230769|O:0.61538462|S:0.15384615,B;Li;O;S,4,14,Monoclinic,0.0082010613461536,6.108199999999999,False,icsd-428002,,2021-02-16 08:02:26.609000+00:00,oxygen_scope_exclusion,contains oxygen; outside the declared Li-S scope,-9.81907834652496,0.3525887420207276,3.676324340627615,233,not_applicable
2026.04.13,mp-1020060,LiB(S2O7)2,B:0.05000000|Li:0.05000000|O:0.70000000|S:0.20000000,B;Li;O;S,4,19,Orthorhombic,0.0,5.51,False,icsd-425175,,2021-02-16 04:33:14.216000+00:00,oxygen_scope_exclusion,contains oxygen; outside the declared Li-S scope,-9.912488195438982,0.49093058564876807,4.833914805847657,236,not_applicable
2026.04.13,mp-1020106,LiB(SO4)2,B:0.08333333|Li:0.08333333|O:0.66666667|S:0.16666667,B;Li;O;S,4,7,Monoclinic,0.0,6.3873999999999995,False,icsd-425174,,2021-02-16 09:59:25.912000+00:00,oxygen_scope_exclusion,contains oxygen; outside the declared Li-S scope,-8.776571918131038,0.3409202553962959,4.090443668572253,227,not_applicable
2026.04.13,mp-1021497,Li2SiSnS4,Li:0.25000000|S:0.50000000|Si:0.12500000|Sn:0.12500000,Li;S;Si;Sn,4,121,Tetragonal,0.0168684903125004,1.9995,True,,,2020-11-11 01:12:17.875000+00:00,screen_candidate,outside OBELiX composition set,-5.580389314664825,0.1444367295427726,3.781334690215961,72,high_score_lower_risk
2026.04.13,mp-1040450,Li5P(S2Cl)2,Cl:0.16666667|Li:0.41666667|P:0.08333333|S:0.33333333,Cl;Li;P;S,4,38,Orthorhombic,0.0163354922916667,2.7792999999999997,True,,,2021-02-10 01:42:51.936000+00:00,screen_candidate,outside OBELiX composition set,-3.507479020412228,0.1584097761388394,2.389149132728132,24,high_score_lower_risk
2026.04.13,mp-1040451,Li20Si3P3S23Cl,Cl:0.02000000|Li:0.40000000|P:0.06000000|S:0.46000000|Si:0.06000000,Cl;Li;P;S;Si,5,6,Monoclinic,0.035331716299999,2.3935999999999997,True,,,2021-02-06 01:42:26.514000+00:00,screen_candidate,outside OBELiX composition set,-2.2616938324596543,0.11619098537778953,4.717161061048966,3,high_score_lower_risk
2026.04.13,mp-1080241,Li2Ge(S2O7)3,Ge:0.03333333|Li:0.06666667|O:0.70000000|S:0.20000000,Ge;Li;O;S,4,148,Trigonal,0.0,3.7659,True,,,2018-04-18 23:56:08+00:00,oxygen_scope_exclusion,contains oxygen; outside the declared Li-S scope,-7.774456983197011,0.5204409330946249,3.101761885167032,209,not_applicable
2026.04.13,mp-1097034,Li20Si3P3S23Cl,Cl:0.02000000|Li:0.40000000|P:0.06000000|S:0.46000000|Si:0.06000000,Cl;Li;P;S;Si,5,6,Monoclinic,0.0355045244999994,2.3724,True,,,2021-02-05 11:33:54.426000+00:00,screen_candidate,outside OBELiX composition set,-2.2616938324596543,0.11619098537778953,4.717161061048966,4,high_score_lower_risk
2026.04.13,mp-1097035,Li20Si3P3S23Cl,Cl:0.02000000|Li:0.40000000|P:0.06000000|S:0.46000000|Si:0.06000000,Cl;Li;P;S;Si,5,6,Monoclinic,0.0305383722999987,2.3076,True,,,2021-02-05 08:22:11.795000+00:00,screen_candidate,outside OBELiX composition set,-2.2616938324596543,0.11619098537778953,4.717161061048966,5,high_score_lower_risk
2026.04.13,mp-1097036,Li3PS4,Li:0.37500000|P:0.12500000|S:0.50000000,Li;P;S,3,62,Orthorhombic,0.0138297662499997,2.8219000000000003,True,,,2021-12-31 14:38:02.780000+00:00,obelix_composition_reference,measured composition in OBELiX,-6.05437137073699,0.15413781012775285,0.453037115432668,103,not_applicable
2026.04.13,mp-1105750,LiAu(S2O7)2,Au:0.05000000|Li:0.05000000|O:0.70000000|S:0.20000000,Au;Li;O;S,4,2,Triclinic,0.0,1.9833021813679452,False,icsd-422909,,2021-02-05 09:42:56.991000+00:00,oxygen_scope_exclusion,contains oxygen; outside the declared Li-S scope,-8.429960159280155,0.30838993339940296,6.846181967322228,222,not_applicable
2026.04.13,mp-1106183,LiAlS2,Al:0.25000000|Li:0.25000000|S:0.50000000,Al;Li;S,3,33,Orthorhombic,0.0,4.7954,True,icsd-608360,,2021-03-13 18:38:09.969000+00:00,screen_candidate,outside OBELiX composition set,-6.890379429038136,0.4121289468575302,4.555839578711731,171,extrapolative
2026.04.13,mp-11175,LiZnPS4,Li:0.14285714|P:0.14285714|S:0.57142857|Zn:0.14285714,Li;P;S;Zn,4,82,Tetragonal,0.0,2.7311999999999994,False,icsd-95785,,2023-10-07 18:15:38.491000+00:00,obelix_composition_reference,measured composition in OBELiX,-6.753110961504322,0.18639564787914725,2.939463918710689,155,not_applicable
2026.04.13,mp-1147554,LiLaSO,La:0.25000000|Li:0.25000000|O:0.25000000|S:0.25000000,La;Li;O;S,4,129,Tetragonal,0.00845659375,3.1807,True,,,2020-11-11 08:58:41.500000+00:00,oxygen_scope_exclusion,contains oxygen; outside the declared Li-S scope,-7.135505820141154,0.30349634747559845,7.336160140401444,183,not_applicable
2026.04.13,mp-1147591,Li6Zn3(PS4)4,Li:0.20689655|P:0.13793103|S:0.55172414|Zn:0.10344828,Li;P;S;Zn,4,3,Monoclinic,0.0089651135344821,2.6651,True,,,2020-04-29 14:56:25.886000+00:00,obelix_composition_reference,measured composition in OBELiX,-5.086710883144978,0.13194993022058202,2.02462921835468,48,not_applicable
2026.04.13,mp-1147592,Li6Zn3(PS4)4,Li:0.20689655|P:0.13793103|S:0.55172414|Zn:0.10344828,Li;P;S;Zn,4,1,Triclinic,0.0099322208620691,2.5364000000000004,True,,,2020-05-02 02:52:50.760000+00:00,obelix_composition_reference,measured composition in OBELiX,-5.086710883144978,0.13194993022058202,2.02462921835468,49,not_applicable
2026.04.13,mp-1147593,Li6Zn3(PS4)4,Li:0.20689655|P:0.13793103|S:0.55172414|Zn:0.10344828,Li;P;S;Zn,4,1,Triclinic,0.0099217513793101,2.4748,True,,,2020-04-29 21:17:16.893000+00:00,obelix_composition_reference,measured composition in OBELiX,-5.086710883144978,0.13194993022058202,2.02462921835468,50,not_applicable
2026.04.13,mp-1147594,Li6Zn3(PS4)4,Li:0.20689655|P:0.13793103|S:0.55172414|Zn:0.10344828,Li;P;S;Zn,4,1,Triclinic,0.0097467299137923,2.8963,True,,,2023-03-18 07:41:03.162000+00:00,obelix_composition_reference,measured composition in OBELiX,-5.086710883144978,0.13194993022058202,2.02462921835468,51,not_applicable
2026.04.13,mp-1147596,Li6Zn3(PS4)4,Li:0.20689655|P:0.13793103|S:0.55172414|Zn:0.10344828,Li;P;S;Zn,4,1,Triclinic,0.0097709939655166,2.5208999999999997,True,,,2020-04-29 17:04:37.598000+00:00,obelix_composition_reference,measured composition in OBELiX,-5.086710883144978,0.13194993022058202,2.02462921835468,52,not_applicable
2026.04.13,mp-1147600,Li6Zn3(PS4)4,Li:0.20689655|P:0.13793103|S:0.55172414|Zn:0.10344828,Li;P;S;Zn,4,1,Triclinic,0.0092305318965513,2.6093,True,,,2020-04-29 09:59:44.152000+00:00,obelix_composition_reference,measured composition in OBELiX,-5.086710883144978,0.13194993022058202,2.02462921835468,53,not_applicable
2026.04.13,mp-1147603,Li6Zn3(PS4)4,Li:0.20689655|P:0.13793103|S:0.55172414|Zn:0.10344828,Li;P;S;Zn,4,1,Triclinic,0.0102065106896551,2.5434,True,,,2020-05-02 03:03:26.958000+00:00,obelix_composition_reference,measured composition in OBELiX,-5.086710883144978,0.13194993022058202,2.02462921835468,54,not_applicable
2026.04.13,mp-1147604,Li6Zn3(PS4)4,Li:0.20689655|P:0.13793103|S:0.55172414|Zn:0.10344828,Li;P;S;Zn,4,1,Triclinic,0.0101700747413788,2.5061,True,,,2020-04-29 14:11:04.084000+00:00,obelix_composition_reference,measured composition in OBELiX,-5.086710883144978,0.13194993022058202,2.02462921835468,55,not_applicable
2026.04.13,mp-1147605,Li6Zn3(PS4)4,Li:0.20689655|P:0.13793103|S:0.55172414|Zn:0.10344828,Li;P;S;Zn,4,4,Monoclinic,0.006571167844827,2.6775,True,,,2021-02-22 00:13:54.308000+00:00,obelix_composition_reference,measured composition in OBELiX,-5.086710883144978,0.13194993022058202,2.02462921835468,56,not_applicable
2026.04.13,mp-1147606,Li6Zn3(PS4)4,Li:0.20689655|P:0.13793103|S:0.55172414|Zn:0.10344828,Li;P;S;Zn,4,4,Monoclinic,0.0076882711206893,2.6809000000000003,True,,,2021-02-21 23:18:24.293000+00:00,obelix_composition_reference,measured composition in OBELiX,-5.086710883144978,0.13194993022058202,2.02462921835468,57,not_applicable
2026.04.13,mp-1147609,Li6Zn3(PS4)4,Li:0.20689655|P:0.13793103|S:0.55172414|Zn:0.10344828,Li;P;S;Zn,4,1,Triclinic,0.0101403863793096,2.497,True,,,2018-12-27 11:38:32.355000+00:00,obelix_composition_reference,measured composition in OBELiX,-5.086710883144978,0.13194993022058202,2.02462921835468,58,not_applicable
2026.04.13,mp-1147610,Li6Zn3(PS4)4,Li:0.20689655|P:0.13793103|S:0.55172414|Zn:0.10344828,Li;P;S;Zn,4,1,Triclinic,0.0101393337068964,2.6682999999999995,True,,,2020-04-30 02:33:20.681000+00:00,obelix_composition_reference,measured composition in OBELiX,-5.086710883144978,0.13194993022058202,2.02462921835468,59,not_applicable
2026.04.13,mp-1147611,Li6Zn3(PS4)4,Li:0.20689655|P:0.13793103|S:0.55172414|Zn:0.10344828,Li;P;S;Zn,4,1,Triclinic,0.0102046423275856,2.5348,True,,,2018-12-27 11:38:37.301000+00:00,obelix_composition_reference,measured composition in OBELiX,-5.086710883144978,0.13194993022058202,2.02462921835468,60,not_applicable
2026.04.13,mp-1147613,Li6Zn3(PS4)4,Li:0.20689655|P:0.13793103|S:0.55172414|Zn:0.10344828,Li;P;S;Zn,4,1,Triclinic,0.0100710019827587,2.5518,True,,,2020-04-29 22:48:10.455000+00:00,obelix_composition_reference,measured composition in OBELiX,-5.086710883144978,0.13194993022058202,2.02462921835468,61,not_applicable
2026.04.13,mp-1147614,Li6Zn3(PS4)4,Li:0.20689655|P:0.13793103|S:0.55172414|Zn:0.10344828,Li;P;S;Zn,4,1,Triclinic,0.0101031237931037,2.6649,True,,,2020-04-29 23:59:31.292000+00:00,obelix_composition_reference,measured composition in OBELiX,-5.086710883144978,0.13194993022058202,2.02462921835468,62,not_applicable
2026.04.13,mp-1147616,Li6Zn3(PS4)4,Li:0.20689655|P:0.13793103|S:0.55172414|Zn:0.10344828,Li;P;S;Zn,4,1,Triclinic,0.0099855033620688,2.5534000000000003,True,,,2020-04-29 12:26:26.107000+00:00,obelix_composition_reference,measured composition in OBELiX,-5.086710883144978,0.13194993022058202,2.02462921835468,63,not_applicable
2026.04.13,mp-1147617,Li6Zn3(PS4)4,Li:0.20689655|P:0.13793103|S:0.55172414|Zn:0.10344828,Li;P;S;Zn,4,4,Monoclinic,0.0099418099137933,2.6824,True,,,2020-04-30 03:42:22.583000+00:00,obelix_composition_reference,measured composition in OBELiX,-5.086710883144978,0.13194993022058202,2.02462921835468,64,not_applicable
2026.04.13,mp-1147627,Li10Zn7(PS4)8,Li:0.17543860|P:0.14035088|S:0.56140351|Zn:0.12280702,Li;P;S;Zn,4,1,Triclinic,0.0051426498684215,2.6681,True,,,2021-02-05 20:14:45.413000+00:00,screen_candidate,outside OBELiX composition set,-5.985509481015381,0.17794890120547285,2.45859381899949,87,unflagged
2026.04.13,mp-1147630,Li10Zn7(PS4)8,Li:0.17543860|P:0.14035088|S:0.56140351|Zn:0.12280702,Li;P;S;Zn,4,4,Monoclinic,0.0065314796052629,2.6864000000000003,True,,,2020-05-02 02:38:56.141000+00:00,screen_candidate,outside OBELiX composition set,-5.985509481015381,0.17794890120547285,2.45859381899949,88,unflagged
2026.04.13,mp-1147634,Li10Zn7(PS4)8,Li:0.17543860|P:0.14035088|S:0.56140351|Zn:0.12280702,Li;P;S;Zn,4,1,Triclinic,0.0071255661842108,2.6371,True,,,2020-04-29 19:28:09.644000+00:00,screen_candidate,outside OBELiX composition set,-5.985509481015381,0.17794890120547285,2.45859381899949,89,unflagged
2026.04.13,mp-1147681,Li10Zn(PS4)4,Li:0.32258065|P:0.12903226|S:0.51612903|Zn:0.03225806,Li;P;S;Zn,4,7,Monoclinic,0.0073794584677422,2.5017999999999994,True,,,2021-02-22 08:07:56.384000+00:00,obelix_composition_reference,measured composition in OBELiX,-3.484318558513396,0.20868632864128134,2.1180753687075056,12,not_applicable
2026.04.13,mp-1147684,Li10Zn(PS4)4,Li:0.32258065|P:0.12903226|S:0.51612903|Zn:0.03225806,Li;P;S;Zn,4,7,Monoclinic,0.0073644749193553,2.5761,True,,,2021-02-22 11:48:53.295000+00:00,obelix_composition_reference,measured composition in OBELiX,-3.484318558513396,0.20868632864128134,2.1180753687075056,13,not_applicable
2026.04.13,mp-1147685,Li10Zn(PS4)4,Li:0.32258065|P:0.12903226|S:0.51612903|Zn:0.03225806,Li;P;S;Zn,4,7,Monoclinic,0.0072098042741934,2.5073,True,,,2023-03-18 11:38:24.276000+00:00,obelix_composition_reference,measured composition in OBELiX,-3.484318558513396,0.20868632864128134,2.1180753687075056,14,not_applicable
2026.04.13,mp-1147686,Li10Zn(PS4)4,Li:0.32258065|P:0.12903226|S:0.51612903|Zn:0.03225806,Li;P;S;Zn,4,1,Triclinic,0.0075125568548388,2.4480000000000004,True,,,2021-02-21 14:15:18.673000+00:00,obelix_composition_reference,measured composition in OBELiX,-3.484318558513396,0.20868632864128134,2.1180753687075056,15,not_applicable
2026.04.13,mp-1147687,Li10Zn(PS4)4,Li:0.32258065|P:0.12903226|S:0.51612903|Zn:0.03225806,Li;P;S;Zn,4,7,Monoclinic,0.0070944476612906,2.5782000000000003,True,,,2021-02-21 23:09:26.221000+00:00,obelix_composition_reference,measured composition in OBELiX,-3.484318558513396,0.20868632864128134,2.1180753687075056,16,not_applicable
2026.04.13,mp-1147692,Li10Zn(PS4)4,Li:0.32258065|P:0.12903226|S:0.51612903|Zn:0.03225806,Li;P;S;Zn,4,1,Triclinic,0.0068213473387102,2.6896000000000004,True,,,2021-02-06 03:46:34.658000+00:00,obelix_composition_reference,measured composition in OBELiX,-3.484318558513396,0.20868632864128134,2.1180753687075056,17,not_applicable
2026.04.13,mp-1147693,Li10Zn(PS4)4,Li:0.32258065|P:0.12903226|S:0.51612903|Zn:0.03225806,Li;P;S;Zn,4,1,Triclinic,0.0064235941129036,2.7628000000000004,True,,,2021-02-08 21:05:42.566000+00:00,obelix_composition_reference,measured composition in OBELiX,-3.484318558513396,0.20868632864128134,2.1180753687075056,18,not_applicable
2026.04.13,mp-1147694,Li10Zn(PS4)4,Li:0.32258065|P:0.12903226|S:0.51612903|Zn:0.03225806,Li;P;S;Zn,4,1,Triclinic,0.0053771828225812,2.6990999999999996,True,,,2021-02-07 02:11:35.999000+00:00,obelix_composition_reference,measured composition in OBELiX,-3.484318558513396,0.20868632864128134,2.1180753687075056,19,not_applicable
2026.04.13,mp-1147695,Li10Zn(PS4)4,Li:0.32258065|P:0.12903226|S:0.51612903|Zn:0.03225806,Li;P;S;Zn,4,1,Triclinic,0.0050699628225814,2.7251,True,,,2021-02-07 02:25:33.416000+00:00,obelix_composition_reference,measured composition in OBELiX,-3.484318558513396,0.20868632864128134,2.1180753687075056,20,not_applicable
2026.04.13,mp-1147696,Li10Zn(PS4)4,Li:0.32258065|P:0.12903226|S:0.51612903|Zn:0.03225806,Li;P;S;Zn,4,1,Triclinic,0.0067693783064521,2.5218000000000007,True,,,2021-02-06 15:41:31.308000+00:00,obelix_composition_reference,measured composition in OBELiX,-3.484318558513396,0.20868632864128134,2.1180753687075056,21,not_applicable
2026.04.13,mp-1147697,Li10Zn(PS4)4,Li:0.32258065|P:0.12903226|S:0.51612903|Zn:0.03225806,Li;P;S;Zn,4,1,Triclinic,0.0075404676612906,2.5244,True,,,2021-02-08 22:58:57.507000+00:00,obelix_composition_reference,measured composition in OBELiX,-3.484318558513396,0.20868632864128134,2.1180753687075056,22,not_applicable
2026.04.13,mp-1147698,Li10Zn(PS4)4,Li:0.32258065|P:0.12903226|S:0.51612903|Zn:0.03225806,Li;P;S;Zn,4,1,Triclinic,0.0056423318548395,2.718884345063006,True,,,2021-02-10 16:45:11.173000+00:00,obelix_composition_reference,measured composition in OBELiX,-3.484318558513396,0.20868632864128134,2.1180753687075056,23,not_applicable
2026.04.13,mp-1147721,Li4Zn(PS4)2,Li:0.26666667|P:0.13333333|S:0.53333333|Zn:0.06666667,Li;P;S;Zn,4,4,Monoclinic,0.0111601971666663,2.7225,True,,,2021-02-09 06:30:01.681000+00:00,obelix_composition_reference,measured composition in OBELiX,-4.1745351630467225,0.14381880089118043,1.9532814503961258,25,not_applicable
2026.04.13,mp-1147723,Li4Zn(PS4)2,Li:0.26666667|P:0.13333333|S:0.53333333|Zn:0.06666667,Li;P;S;Zn,4,1,Triclinic,0.010870686833333,2.7102000000000004,True,,,2021-02-08 06:41:16.984000+00:00,obelix_composition_reference,measured composition in OBELiX,-4.1745351630467225,0.14381880089118043,1.9532814503961258,26,not_applicable
2026.04.13,mp-1147724,Li4Zn(PS4)2,Li:0.26666667|P:0.13333333|S:0.53333333|Zn:0.06666667,Li;P;S;Zn,4,4,Monoclinic,0.0094352436666662,2.718,True,,,2021-02-22 05:57:06.629000+00:00,obelix_composition_reference,measured composition in OBELiX,-4.1745351630467225,0.14381880089118043,1.9532814503961258,27,not_applicable
2026.04.13,mp-1147725,Li4Zn(PS4)2,Li:0.26666667|P:0.13333333|S:0.53333333|Zn:0.06666667,Li;P;S;Zn,4,1,Triclinic,0.0116626881666661,2.6555000000000004,True,,,2021-02-08 06:41:16.763000+00:00,obelix_composition_reference,measured composition in OBELiX,-4.1745351630467225,0.14381880089118043,1.9532814503961258,28,not_applicable
2026.04.13,mp-1147726,Li4Zn(PS4)2,Li:0.26666667|P:0.13333333|S:0.53333333|Zn:0.06666667,Li;P;S;Zn,4,1,Triclinic,0.0119105799444438,2.3985,True,,,2021-02-07 03:49:51.957000+00:00,obelix_composition_reference,measured composition in OBELiX,-4.1745351630467225,0.14381880089118043,1.9532814503961258,29,not_applicable
2026.04.13,mp-1147727,Li4Zn(PS4)2,Li:0.26666667|P:0.13333333|S:0.53333333|Zn:0.06666667,Li;P;S;Zn,4,1,Triclinic,0.0118365370555553,2.6745,True,,,2021-02-08 08:12:46.489000+00:00,obelix_composition_reference,measured composition in OBELiX,-4.1745351630467225,0.14381880089118043,1.9532814503961258,30,not_applicable
2026.04.13,mp-1147728,Li4Zn(PS4)2,Li:0.26666667|P:0.13333333|S:0.53333333|Zn:0.06666667,Li;P;S;Zn,4,7,Monoclinic,0.0106999304166661,2.7622,True,,,2020-04-29 07:54:10.294000+00:00,obelix_composition_reference,measured composition in OBELiX,-4.1745351630467225,0.14381880089118043,1.9532814503961258,31,not_applicable
2026.04.13,mp-1147729,Li4Zn(PS4)2,Li:0.26666667|P:0.13333333|S:0.53333333|Zn:0.06666667,Li;P;S;Zn,4,1,Triclinic,0.011465264611111,2.7876000000000003,True,,,2021-02-08 09:07:38.234000+00:00,obelix_composition_reference,measured composition in OBELiX,-4.1745351630467225,0.14381880089118043,1.9532814503961258,32,not_applicable
2026.04.13,mp-1147732,Li4Zn(PS4)2,Li:0.26666667|P:0.13333333|S:0.53333333|Zn:0.06666667,Li;P;S;Zn,4,1,Triclinic,0.0115164443888886,2.6636000000000006,True,,,2021-02-08 08:19:04.502000+00:00,obelix_composition_reference,measured composition in OBELiX,-4.1745351630467225,0.14381880089118043,1.9532814503961258,33,not_applicable
2026.04.13,mp-1147733,Li4Zn(PS4)2,Li:0.26666667|P:0.13333333|S:0.53333333|Zn:0.06666667,Li;P;S;Zn,4,1,Triclinic,0.0118367175000004,2.7862,True,,,2021-02-09 01:37:59.643000+00:00,obelix_composition_reference,measured composition in OBELiX,-4.1745351630467225,0.14381880089118043,1.9532814503961258,34,not_applicable
2026.04.13,mp-1147734,Li4Zn(PS4)2,Li:0.26666667|P:0.13333333|S:0.53333333|Zn:0.06666667,Li;P;S;Zn,4,1,Triclinic,0.0117705288333329,2.7069950982334774,True,,,2021-02-10 11:06:50.840000+00:00,obelix_composition_reference,measured composition in OBELiX,-4.1745351630467225,0.14381880089118043,1.9532814503961258,35,not_applicable
2026.04.13,mp-1147735,Li4Zn(PS4)2,Li:0.26666667|P:0.13333333|S:0.53333333|Zn:0.06666667,Li;P;S;Zn,4,1,Triclinic,0.0103676558333338,2.7908,True,,,2021-02-09 19:17:56.016000+00:00,obelix_composition_reference,measured composition in OBELiX,-4.1745351630467225,0.14381880089118043,1.9532814503961258,36,not_applicable
2026.04.13,mp-1147737,Li4Zn(PS4)2,Li:0.26666667|P:0.13333333|S:0.53333333|Zn:0.06666667,Li;P;S;Zn,4,1,Triclinic,0.0115015054999991,2.7368,True,,,2021-02-05 01:01:52.084000+00:00,obelix_composition_reference,measured composition in OBELiX,-4.1745351630467225,0.14381880089118043,1.9532814503961258,37,not_applicable
2026.04.13,mp-1147738,Li4Zn(PS4)2,Li:0.26666667|P:0.13333333|S:0.53333333|Zn:0.06666667,Li;P;S;Zn,4,1,Triclinic,0.0139871398333335,2.5355999999999996,True,,,2020-04-29 09:04:34.458000+00:00,obelix_composition_reference,measured composition in OBELiX,-4.1745351630467225,0.14381880089118043,1.9532814503961258,38,not_applicable
2026.04.13,mp-1147741,Li4Zn(PS4)2,Li:0.26666667|P:0.13333333|S:0.53333333|Zn:0.06666667,Li;P;S;Zn,4,1,Triclinic,0.0138204000833335,2.6315,True,,,2020-04-29 14:42:43.282000+00:00,obelix_composition_reference,measured composition in OBELiX,-4.1745351630467225,0.14381880089118043,1.9532814503961258,39,not_applicable
2026.04.13,mp-1176625,LiSn(SO4)2,Li:0.08333333|O:0.66666667|S:0.16666667|Sn:0.08333333,Li;O;S;Sn,4,7,Monoclinic,0.0178634450000059,2.4086,True,,,2020-04-29 15:30:40.424000+00:00,oxygen_scope_exclusion,contains oxygen; outside the declared Li-S scope,-7.631565470666738,0.3098457216673811,3.509842142641528,205,not_applicable
2026.04.13,mp-1176627,LiV(SO4)2,Li:0.08333333|O:0.66666667|S:0.16666667|V:0.08333333,Li;O;S;V,4,1,Triclinic,0.0189641405208362,1.8864,True,,,2021-02-06 01:09:12.977000+00:00,oxygen_scope_exclusion,contains oxygen; outside the declared Li-S scope,-6.479930608217094,0.312484794094914,1.8862820393591453,145,not_applicable
2026.04.13,mp-1177520,Li3SbS3,Li:0.42857143|S:0.42857143|Sb:0.14285714,Li;S;Sb,3,160,Trigonal,0.0352236292857135,2.7451999999999996,True,,,2021-02-10 17:20:02.662000+00:00,obelix_composition_reference,measured composition in OBELiX,-8.481216064358739,0.31153525590524583,2.6957350719979525,223,not_applicable
2026.04.13,mp-1177695,Li3CuS2,Cu:0.16666667|Li:0.50000000|S:0.33333333,Cu;Li;S,3,72,Orthorhombic,0.0,2.3028999999999997,True,,,2021-03-13 18:50:58.188000+00:00,redox_electronic_risk,Cu,-6.467816156777384,0.3350109173129305,4.681600246374616,142,not_applicable
2026.04.13,mp-1178011,Li2Fe2(SO4)3,Fe:0.10526316|Li:0.10526316|O:0.63157895|S:0.15789474,Fe;Li;O;S,4,61,Orthorhombic,0.0217036423684113,4.1795,True,,,2019-01-11 07:19:00.019000+00:00,oxygen_scope_exclusion,contains oxygen; outside the declared Li-S scope,-6.909111315972783,0.2187703245390952,9.82017988935489,174,not_applicable
2026.04.13,mp-1181012,Li4Re6S11,Li:0.19047619|Re:0.28571429|S:0.52380952,Li;Re;S,3,56,Orthorhombic,0.0,1.725,True,,,2022-01-01 03:15:01.094000+00:00,screen_candidate,outside OBELiX composition set,-6.069161350894851,0.27235283038715435,12.889919647899328,106,extrapolative
2026.04.13,mp-1188124,LiAl(PS3)2,Al:0.10000000|Li:0.10000000|P:0.20000000|S:0.60000000,Al;Li;P;S,4,15,Monoclinic,0.0,2.749142152725869,False,icsd-425979,,2021-02-05 14:21:52.662000+00:00,screen_candidate,outside OBELiX composition set,-7.8357339385364435,0.31467128199157324,6.0047387710739475,210,unflagged
2026.04.13,mp-1188392,LiInS2,In:0.25000000|Li:0.25000000|S:0.50000000,In;Li;S,3,33,Orthorhombic,0.0,2.195760046648682,False,icsd-53093,pf-29662;pf-32132;pf-36125;pf-7863;pf-8561,2021-03-13 12:04:57.132000+00:00,screen_candidate,outside OBELiX composition set,-5.671274059154,0.23527856335942332,3.8504091175790074,74,high_score_lower_risk
2026.04.13,mp-1188784,Li2CdSnS4,Cd:0.12500000|Li:0.25000000|S:0.50000000|Sn:0.12500000,Cd;Li;S;Sn,4,31,Orthorhombic,0.0,1.934654526916268,False,icsd-249873,pf-30981,2021-02-04 20:51:23.062000+00:00,screen_candidate,outside OBELiX composition set,-5.57752310175115,0.18876126371087262,4.101409524735375,71,high_score_lower_risk
2026.04.13,mp-1188861,LiCSN,C:0.25000000|Li:0.25000000|N:0.25000000|S:0.25000000,C;Li;N;S,4,62,Orthorhombic,0.0410096179464289,3.8556,False,icsd-425061,,2021-03-10 13:19:45.817000+00:00,screen_candidate,outside OBELiX composition set,-7.766497874662053,0.5220120415400317,10.422757001347833,208,extrapolative
2026.04.13,mp-1189383,Li2CdGeS4,Cd:0.12500000|Ge:0.12500000|Li:0.25000000|S:0.50000000,Cd;Ge;Li;S,4,31,Orthorhombic,0.0,2.235934698116427,False,icsd-249872,pf-20491,2021-02-04 12:36:37.497000+00:00,screen_candidate,outside OBELiX composition set,-5.851252935654203,0.20963708489072208,3.9195477431335872,80,unflagged
2026.04.13,mp-1190364,Li2SnS3,Li:0.33333333|S:0.50000000|Sn:0.16666667,Li;S;Sn,3,15,Monoclinic,0.0006651347916664,1.8306,False,icsd-251656,,2021-12-30 05:03:15.784000+00:00,obelix_composition_reference,measured composition in OBELiX,-4.968791685880451,0.08803759399446269,2.5932043592513994,43,not_applicable
2026.04.13,mp-1191476,Li2In2GeS6,Ge:0.09090909|In:0.18181818|Li:0.18181818|S:0.54545455,Ge;In;Li;S,4,9,Monoclinic,0.0138102058522733,2.3229000000000006,False,icsd-262643,,2021-02-04 11:56:16.942000+00:00,screen_candidate,outside OBELiX composition set,-6.215298601125224,0.20059286794394282,4.409756094097032,117,unflagged
2026.04.13,mp-1191903,Li2In2SiS6,In:0.18181818|Li:0.18181818|S:0.54545455|Si:0.09090909,In;Li;S;Si,4,9,Monoclinic,0.0041443186363645,2.4279999999999995,False,icsd-262642,,2021-02-04 10:21:38.327000+00:00,screen_candidate,outside OBELiX composition set,-6.133709325541399,0.18445660926203156,4.536217939745336,111,unflagged
2026.04.13,mp-1192995,Li4MnGe2S7,Ge:0.14285714|Li:0.28571429|Mn:0.07142857|S:0.50000000,Ge;Li;Mn;S,4,9,Monoclinic,0.0,1.5209,False,icsd-425763,,2021-02-10 08:17:47.777000+00:00,redox_electronic_risk,Mn,-5.816243505305488,0.2289189819562634,4.457047332368715,79,not_applicable
2026.04.13,mp-1193172,Li2Mn(SO4)2,Li:0.15384615|Mn:0.07692308|O:0.61538462|S:0.15384615,Li;Mn;O;S,4,14,Monoclinic,0.0,3.580027306156486,False,icsd-250896;icsd-250898,,2020-07-15 08:21:24.137000+00:00,oxygen_scope_exclusion,contains oxygen; outside the declared Li-S scope,-7.241009636680034,0.37796569618727965,3.3220123981981233,185,not_applicable
2026.04.13,mp-1193501,Li2Fe(SO4)2,Fe:0.07692308|Li:0.15384615|O:0.61538462|S:0.15384615,Fe;Li;O;S,4,14,Monoclinic,0.0015654144230721,4.2848,False,icsd-250900,,2021-03-11 21:54:42.984000+00:00,oxygen_scope_exclusion,contains oxygen; outside the declared Li-S scope,-7.37967733524116,0.3598049813594391,6.718783694381001,196,not_applicable
2026.04.13,mp-1194281,Li2Co(SO4)2,Co:0.07692308|Li:0.15384615|O:0.61538462|S:0.15384615,Co;Li;O;S,4,14,Monoclinic,0.0,3.2307,False,icsd-250897,,2021-03-10 23:25:41.948000+00:00,oxygen_scope_exclusion,contains oxygen; outside the declared Li-S scope,-7.289627494227732,0.34273498969163874,5.2456613078793195,187,not_applicable
2026.04.13,mp-1194339,Li3SbS3,Li:0.42857143|S:0.42857143|Sb:0.14285714,Li;S;Sb,3,33,Orthorhombic,0.0,2.784,False,icsd-424834,,2022-04-29 04:54:43.891000+00:00,obelix_composition_reference,measured composition in OBELiX,-8.481216064358739,0.31153525590524583,2.6957350719979525,224,not_applicable
2026.04.13,mp-1195085,K2LiC3(SN)3,C:0.25000000|K:0.16666667|Li:0.08333333|N:0.25000000|S:0.25000000,C;K;Li;N;S,5,33,Orthorhombic,0.007317217743056,4.4526,False,icsd-430274,,2021-03-10 12:33:23.628000+00:00,screen_candidate,outside OBELiX composition set,-7.068654474346356,0.45735686751213456,13.08823880658601,182,extrapolative
2026.04.13,mp-1195603,Li2MnSnS4,Li:0.25000000|Mn:0.12500000|S:0.50000000|Sn:0.12500000,Li;Mn;S;Sn,4,33,Orthorhombic,0.0007890353124997,1.7559999999999998,False,icsd-429817,,2021-05-21 23:37:38.551000+00:00,redox_electronic_risk,Mn,-5.887996833789614,0.2159722153447027,4.13553214652983,82,not_applicable
2026.04.13,mp-1195718,Li4SnS4,Li:0.44444444|S:0.44444444|Sn:0.11111111,Li;S;Sn,3,62,Orthorhombic,0.0,2.8989000000000003,False,icsd-290832,,2022-04-30 01:30:56.136000+00:00,obelix_composition_reference,measured composition in OBELiX,-4.809594874032864,0.203182936154941,2.366265192301717,40,not_applicable
2026.04.13,mp-1199446,RbLiSO4,Li:0.14285714|O:0.57142857|Rb:0.14285714|S:0.14285714,Li;O;Rb;S,4,7,Monoclinic,0.0113154963571417,5.120900000000001,False,icsd-174058,,2020-04-30 02:06:37.970000+00:00,oxygen_scope_exclusion,contains oxygen; outside the declared Li-S scope,-12.52399149365241,0.6366964233194204,8.954588241707487,245,not_applicable
2026.04.13,mp-1202217,RbLiSO4,Li:0.14285714|O:0.57142857|Rb:0.14285714|S:0.14285714,Li;O;Rb;S,4,14,Monoclinic,0.0021257976785715,6.1503,False,icsd-174057,,2021-05-22 22:57:47.845000+00:00,oxygen_scope_exclusion,contains oxygen; outside the declared Li-S scope,-12.52399149365241,0.6366964233194204,8.954588241707487,246,not_applicable
2026.04.13,mp-1203440,LiZnSO4F,F:0.12500000|Li:0.12500000|O:0.50000000|S:0.12500000|Zn:0.12500000,F;Li;O;S;Zn,5,62,Orthorhombic,0.0,4.2073,False,icsd-261343,,2021-02-04 11:38:08.172000+00:00,oxygen_scope_exclusion,contains oxygen; outside the declared Li-S scope,-8.360834768717945,0.414935004479044,7.153594792976257,219,not_applicable
2026.04.13,mp-1210789,Li2SiS3,Li:0.33333333|S:0.50000000|Si:0.16666667,Li;S;Si,3,36,Orthorhombic,0.0,3.5926,True,,pf-2179;pf-33595;pf-6281,2022-04-29 23:58:37.127000+00:00,obelix_composition_reference,measured composition in OBELiX,-5.809613792108655,0.1035337722316167,3.171003924660917,78,not_applicable
2026.04.13,mp-1210804,Li2ZnGeS4,Ge:0.12500000|Li:0.25000000|S:0.50000000|Zn:0.12500000,Ge;Li;S;Zn,4,31,Orthorhombic,0.0,2.1846,True,,pf-11604,2021-02-04 20:51:17.557000+00:00,screen_candidate,outside OBELiX composition set,-6.130610441018429,0.2135561628549753,4.827849307425689,110,unflagged
2026.04.13,mp-1211108,LiGd(SO4)2,Gd:0.08333333|Li:0.08333333|O:0.66666667|S:0.16666667,Gd;Li;O;S,4,118,Tetragonal,0.0,2.6325,True,,,2021-02-05 14:33:46.221000+00:00,oxygen_scope_exclusion,contains oxygen; outside the declared Li-S scope,-7.993379120737519,0.14507195469228903,6.99471574350073,215,not_applicable
2026.04.13,mp-1211176,Li6AsS5I,As:0.07692308|I:0.07692308|Li:0.46153846|S:0.38461538,As;I;Li;S,4,9,Monoclinic,0.0053626280769236,1.5997999999999997,True,,pf-23100,2021-02-08 09:14:16.664000+00:00,screen_candidate,outside OBELiX composition set,-5.466361544081773,0.2522016618426946,3.671871873969864,69,high_score_lower_risk
2026.04.13,mp-1211324,Li7PS6,Li:0.50000000|P:0.07142857|S:0.42857143,Li;P;S,3,33,Orthorhombic,0.0325299232142848,2.0626,True,,pf-32364,2020-04-29 20:33:00.158000+00:00,screen_candidate,outside OBELiX composition set,-5.074569718213718,0.3659945241261928,4.795806559792761,47,high_score_lower_risk
2026.04.13,mp-1219554,RbLiZnS2,Li:0.20000000|Rb:0.20000000|S:0.40000000|Zn:0.20000000,Li;Rb;S;Zn,4,119,Tetragonal,0.0,2.4519,True,,,2020-11-11 23:16:08.538000+00:00,screen_candidate,outside OBELiX composition set,-6.006456162359532,0.38033690548374793,11.158408009531561,92,unflagged
2026.04.13,mp-1220972,NaLiZnS2,Li:0.20000000|Na:0.20000000|S:0.40000000|Zn:0.20000000,Li;Na;S;Zn,4,156,Trigonal,0.0,1.8298,True,,,2021-02-10 17:46:55.187000+00:00,screen_candidate,outside OBELiX composition set,-5.584897509777568,0.3860562295941375,5.660253507098548,73,extrapolative
2026.04.13,mp-1222296,LiSmS2,Li:0.25000000|S:0.50000000|Sm:0.25000000,Li;S;Sm,3,166,Trigonal,0.0,2.2194999999999996,True,,,2022-09-16 22:36:42.123000+00:00,screen_candidate,outside OBELiX composition set,-6.35377617316926,0.4500228549907231,12.211642952527036,128,extrapolative
2026.04.13,mp-1222297,LiTbS2,Li:0.25000000|S:0.50000000|Tb:0.25000000,Li;S;Tb,3,166,Trigonal,0.0,2.3395,True,,,2021-03-17 02:19:38.982000+00:00,screen_candidate,outside OBELiX composition set,-6.252076583878466,0.35845460878601787,13.222703181747182,120,extrapolative
2026.04.13,mp-1222303,LiNdS2,Li:0.25000000|Nd:0.25000000|S:0.50000000,Li;Nd;S,3,166,Trigonal,0.0134386003125026,2.1019,True,,,2021-12-31 11:12:15.739000+00:00,screen_candidate,outside OBELiX composition set,-6.781076002670205,0.45804030694881914,12.997154013789253,156,extrapolative
2026.04.13,mp-1222350,LiMgSO4F,F:0.12500000|Li:0.12500000|Mg:0.12500000|O:0.50000000|S:0.12500000,F;Li;Mg;O;S,5,1,Triclinic,0.0112401404687485,5.9657,True,,,2021-02-05 14:15:27.890000+00:00,oxygen_scope_exclusion,contains oxygen; outside the declared Li-S scope,-9.825539303917875,0.51781233698951,6.266769653761837,234,not_applicable
2026.04.13,mp-1222389,LiFeSO4F,F:0.12500000|Fe:0.12500000|Li:0.12500000|O:0.50000000|S:0.12500000,F;Fe;Li;O;S,5,1,Triclinic,0.0092237951562497,4.3426,True,,,2020-08-03 14:54:36.786000+00:00,oxygen_scope_exclusion,contains oxygen; outside the declared Li-S scope,-6.848998355345391,0.3554038698428214,13.704456742601405,165,not_applicable
2026.04.13,mp-1222404,LiBiS2,Bi:0.25000000|Li:0.25000000|S:0.50000000,Bi;Li;S,3,166,Trigonal,0.0,1.7886000000000006,True,,,2022-09-16 21:34:13.222000+00:00,screen_candidate,outside OBELiX composition set,-6.077950487776627,0.27549127320156364,12.12776920663703,109,unflagged
2026.04.13,mp-1222472,LiFe(SO4)2,Fe:0.08333333|Li:0.08333333|O:0.66666667|S:0.16666667,Fe;Li;O;S,4,4,Monoclinic,0.0230066169791731,2.0509,True,,,2021-02-09 17:20:02.307000+00:00,oxygen_scope_exclusion,contains oxygen; outside the declared Li-S scope,-6.032031738721995,0.2693192324485203,7.524291226144288,97,not_applicable
2026.04.13,mp-1222482,Li6AsS5I,As:0.07692308|I:0.07692308|Li:0.46153846|S:0.38461538,As;I;Li;S,4,1,Triclinic,0.0,1.5398,True,,,2021-02-11 08:53:27.966000+00:00,screen_candidate,outside OBELiX composition set,-5.466361544081773,0.2522016618426946,3.671871873969864,70,high_score_lower_risk
2026.04.13,mp-1222529,Li4GeS4,Ge:0.11111111|Li:0.44444444|S:0.44444444,Ge;Li;S,3,19,Orthorhombic,0.0,2.9683,True,,,2021-12-30 05:02:23.582000+00:00,obelix_composition_reference,measured composition in OBELiX,-6.416999246649248,0.1290899303795902,2.651626539157006,133,not_applicable
2026.04.13,mp-1222582,Li4GeS4,Ge:0.11111111|Li:0.44444444|S:0.44444444,Ge;Li;S,3,33,Orthorhombic,0.0261206647222218,2.5087,True,,,2021-02-09 11:22:30.400000+00:00,obelix_composition_reference,measured composition in OBELiX,-6.416999246649248,0.1290899303795902,2.651626539157006,134,not_applicable
2026.04.13,mp-1223032,Li9Nd2(PS4)5,Li:0.25000000|Nd:0.05555556|P:0.13888889|S:0.55555556,Li;Nd;P;S,4,15,Monoclinic,0.0,2.6503000000000005,True,,,2021-02-24 01:20:05.929000+00:00,screen_candidate,outside OBELiX composition set,-5.959116793914154,0.14365325288770306,10.755091776226454,85,unflagged
2026.04.13,mp-1225887,CsLiZnS2,Cs:0.20000000|Li:0.20000000|S:0.40000000|Zn:0.20000000,Cs;Li;S;Zn,4,119,Tetragonal,0.0,2.5019,True,,,2021-02-09 19:42:40.356000+00:00,screen_candidate,outside OBELiX composition set,-6.075818249652455,0.3182087587002855,16.006616920368653,108,extrapolative
2026.04.13,mp-1265272,LiMgAl3(SO4)6,Al:0.08571429|Li:0.02857143|Mg:0.02857143|O:0.68571429|S:0.17142857,Al;Li;Mg;O;S,5,2,Triclinic,0.0108811530357195,5.8981,True,,,2021-02-07 08:16:23.239000+00:00,oxygen_scope_exclusion,contains oxygen; outside the declared Li-S scope,-8.780622714105826,0.48729721782903385,5.312064685058145,228,not_applicable
2026.04.13,mp-1407369,LiCuS,Cu:0.33333333|Li:0.33333333|S:0.33333333,Cu;Li;S,3,43,Orthorhombic,0.0041542720138876,1.5952000000000002,True,,,2020-05-03 23:22:23.619000+00:00,redox_electronic_risk,Cu,-7.3099130622077935,0.3527264792868809,5.214030190723422,189,not_applicable
2026.04.13,mp-14484,KNaLi2(SO4)2,K:0.07142857|Li:0.14285714|Na:0.07142857|O:0.57142857|S:0.14285714,K;Li;Na;O;S,5,19,Orthorhombic,0.0,5.2970999999999995,False,icsd-60824,,2021-02-08 07:47:37.778000+00:00,oxygen_scope_exclusion,contains oxygen; outside the declared Li-S scope,-11.944031731493672,0.6390513152409076,7.9328372013375725,240,not_applicable
2026.04.13,mp-14646,Li2Mg2(SO4)3,Li:0.10526316|Mg:0.10526316|O:0.63157895|S:0.15789474,Li;Mg;O;S,4,60,Orthorhombic,0.0,5.6251999999999995,False,icsd-65025,,2023-03-15 04:07:15.722000+00:00,oxygen_scope_exclusion,contains oxygen; outside the declared Li-S scope,-9.904760509300896,0.6676985179246413,5.816864020701362,235,not_applicable
2026.04.13,mp-15788,LiYS2,Li:0.25000000|S:0.50000000|Y:0.25000000,Li;S;Y,3,166,Trigonal,0.0,1.9203999999999992,False,icsd-44957,,2023-10-07 05:00:20.147000+00:00,screen_candidate,outside OBELiX composition set,-6.185252350749052,0.36893286919468316,8.54932089397962,113,unflagged
2026.04.13,mp-15789,LiDyS2,Dy:0.25000000|Li:0.25000000|S:0.50000000,Dy;Li;S,3,166,Trigonal,0.0,1.9347,False,icsd-44958,,2023-10-07 07:15:34.976000+00:00,screen_candidate,outside OBELiX composition set,-5.9866892618630265,0.3557491559639303,12.625063424858133,90,extrapolative
2026.04.13,mp-15790,LiHoS2,Ho:0.25000000|Li:0.25000000|S:0.50000000,Ho;Li;S,3,166,Trigonal,0.0,1.9863000000000004,False,icsd-44959;icsd-639371,,2022-09-17 00:20:02.526000+00:00,screen_candidate,outside OBELiX composition set,-6.271441881044149,0.3881788481130907,12.158139330193578,121,extrapolative
2026.04.13,mp-15791,LiErS2,Er:0.25000000|Li:0.25000000|S:0.50000000,Er;Li;S,3,166,Trigonal,0.0,1.9964000000000004,False,icsd-44960;icsd-630736,,2023-10-07 08:02:10.838000+00:00,screen_candidate,outside OBELiX composition set,-6.241171383306647,0.43131900908509563,11.966987602801476,118,extrapolative
2026.04.13,mp-15999,Li3AuS2,Au:0.16666667|Li:0.50000000|S:0.33333333,Au;Li;S,3,72,Orthorhombic,0.0,2.0985,False,icsd-280535,,2023-10-07 04:24:15.798000+00:00,screen_candidate,outside OBELiX composition set,-6.186845604252491,0.33529246253035133,9.648470989288889,115,unflagged
2026.04.13,mp-19896,Li2GePbS4,Ge:0.12500000|Li:0.25000000|Pb:0.12500000|S:0.50000000,Ge;Li;Pb;S,4,121,Tetragonal,0.0,2.2649000000000004,False,icsd-281011,,2023-10-07 09:51:34.310000+00:00,screen_candidate,outside OBELiX composition set,-5.971734927486074,0.19657558620255486,9.135780777506577,86,unflagged
2026.04.13,mp-2646995,Li3PS4,Li:0.37500000|P:0.12500000|S:0.50000000,Li;P;S,3,121,Tetragonal,0.0074205953125003,2.9579000000000004,True,,,2022-06-21 22:43:41.950000+00:00,obelix_composition_reference,measured composition in OBELiX,-6.05437137073699,0.15413781012775285,0.453037115432668,104,not_applicable
2026.04.13,mp-28471,Li3AsS3,As:0.14285714|Li:0.42857143|S:0.42857143,As;Li;S,3,33,Orthorhombic,0.0,2.2848999999999995,False,icsd-424835;icsd-59381,,2022-04-29 20:37:33.108000+00:00,screen_candidate,outside OBELiX composition set,-6.815648762105939,0.31786266376104544,3.1130135917604562,161,unflagged
2026.04.13,mp-29410,Li2B2S5,B:0.22222222|Li:0.22222222|S:0.55555556,B;Li;S,3,63,Orthorhombic,0.0,2.4427000000000003,False,icsd-401723,,2021-03-13 08:26:32.336000+00:00,screen_candidate,outside OBELiX composition set,-6.870461691696273,0.302069116394726,6.057651914391317,167,unflagged
2026.04.13,mp-29829,LiAuS,Au:0.33333333|Li:0.33333333|S:0.33333333,Au;Li;S,3,70,Orthorhombic,0.0,1.5804,False,icsd-165259;icsd-280534,,2022-06-07 02:05:18.043000+00:00,screen_candidate,outside OBELiX composition set,-5.935685356485719,0.29401723820390796,13.409221559675894,84,extrapolative
2026.04.13,mp-30249,Li4GeS4,Ge:0.11111111|Li:0.44444444|S:0.44444444,Ge;Li;S,3,62,Orthorhombic,7.778083333409569e-05,2.4834,False,icsd-290831;icsd-95649,,2022-04-30 03:13:20.122000+00:00,obelix_composition_reference,measured composition in OBELiX,-6.416999246649248,0.1290899303795902,2.651626539157006,135,not_applicable
2026.04.13,mp-33363,LiYS2,Li:0.25000000|S:0.50000000|Y:0.25000000,Li;S;Y,3,141,Tetragonal,0.0057422237499995,1.9597,True,,,2023-10-07 15:39:54.748000+00:00,screen_candidate,outside OBELiX composition set,-6.185252350749052,0.36893286919468316,8.54932089397962,114,unflagged
2026.04.13,mp-33667,LiDyS2,Dy:0.25000000|Li:0.25000000|S:0.50000000,Dy;Li;S,3,141,Tetragonal,0.0052540974999999,1.9741999999999995,True,,,2023-10-07 11:17:30.107000+00:00,screen_candidate,outside OBELiX composition set,-5.9866892618630265,0.3557491559639303,12.625063424858133,91,extrapolative
2026.04.13,mp-34477,LiSmS2,Li:0.25000000|S:0.50000000|Sm:0.25000000,Li;S;Sm,3,141,Tetragonal,0.0046789050000004,1.9214,True,,,2023-10-07 04:48:13.490000+00:00,screen_candidate,outside OBELiX composition set,-6.35377617316926,0.4500228549907231,12.211642952527036,129,extrapolative
2026.04.13,mp-35591,LiErS2,Er:0.25000000|Li:0.25000000|S:0.50000000,Er;Li;S,3,141,Tetragonal,0.0067272337499986,1.9886999999999997,True,,,2023-10-07 04:35:45.704000+00:00,screen_candidate,outside OBELiX composition set,-6.241171383306647,0.43131900908509563,11.966987602801476,119,extrapolative
2026.04.13,mp-3647,LiGaS2,Ga:0.25000000|Li:0.25000000|S:0.50000000,Ga;Li;S,3,33,Orthorhombic,0.0,2.9608,False,icsd-68465;icsd-96914,,2021-03-13 21:05:37.203000+00:00,screen_candidate,outside OBELiX composition set,-5.878698521208734,0.24859700442112823,4.298198639739917,81,unflagged
2026.04.13,mp-36791,LiNdS2,Li:0.25000000|Nd:0.25000000|S:0.50000000,Li;Nd;S,3,141,Tetragonal,0.0205285240625023,1.8575,True,,,2023-10-07 10:50:45.829000+00:00,screen_candidate,outside OBELiX composition set,-6.781076002670205,0.45804030694881914,12.997154013789253,157,extrapolative
2026.04.13,mp-4556,Li2SO4,Li:0.28571429|O:0.57142857|S:0.14285714,Li;O;S,3,14,Monoclinic,0.0,6.02323767381971,False,icsd-23723;icsd-2512;icsd-30276;icsd-58,,2023-10-07 23:14:18.324000+00:00,oxygen_scope_exclusion,contains oxygen; outside the declared Li-S scope,-10.984171074870641,0.5378734161448968,3.1098816893361274,237,not_applicable
2026.04.13,mp-510338,Cs2LiVS4,Cs:0.25000000|Li:0.12500000|S:0.50000000|V:0.12500000,Cs;Li;S;V,4,70,Orthorhombic,0.0,1.5880362099747067,False,icsd-414186,,2021-02-06 14:03:38.967000+00:00,redox_electronic_risk,V,-6.214803964262615,0.34271351810714856,16.805785381541945,116,not_applicable
2026.04.13,mp-532413,Li5B7S13,B:0.28000000|Li:0.20000000|S:0.52000000,B;Li;S,3,9,Monoclinic,0.0,3.5527999999999995,True,,,2021-11-21 22:01:12.342000+00:00,screen_candidate,outside OBELiX composition set,-7.653397778052493,0.455407143149457,7.054339575674812,207,extrapolative
2026.04.13,mp-532590,LiMgCr7(SO4)12,Cr:0.10144928|Li:0.01449275|Mg:0.01449275|O:0.69565217|S:0.17391304,Cr;Li;Mg;O;S,5,1,Triclinic,0.004807484221021,2.7801,True,,,2021-02-09 12:41:05.955000+00:00,oxygen_scope_exclusion,contains oxygen; outside the declared Li-S scope,-7.433620490388793,0.30558867625365577,3.5570966500060814,204,not_applicable
2026.04.13,mp-553962,Rb2LiNbS4,Li:0.12500000|Nb:0.12500000|Rb:0.25000000|S:0.50000000,Li;Nb;Rb;S,4,2,Triclinic,0.0,2.306,False,icsd-414189,,2021-02-06 21:54:35.693000+00:00,screen_candidate,outside OBELiX composition set,-6.3632823379433905,0.3675991506615786,12.15432433697659,130,extrapolative
2026.04.13,mp-554076,BaLiBS3,B:0.16666667|Ba:0.16666667|Li:0.16666667|S:0.50000000,B;Ba;Li;S,4,14,Monoclinic,0.0,2.1531,False,icsd-82352,,2021-02-15 22:52:47.983000+00:00,screen_candidate,outside OBELiX composition set,-7.218908100209343,0.5711879458507745,8.561405263889316,184,extrapolative
2026.04.13,mp-554395,Na5Li3(TiS4)2,Li:0.16666667|Na:0.27777778|S:0.44444444|Ti:0.11111111,Li;Na;S;Ti,4,15,Monoclinic,0.0,2.2479,False,icsd-391258,,2021-02-15 20:26:24.911000+00:00,obelix_composition_reference,measured composition in OBELiX,-5.25960931970756,0.13035552709452158,5.179575162291479,65,not_applicable
2026.04.13,mp-554782,Li2Ga2GeS6,Ga:0.18181818|Ge:0.09090909|Li:0.18181818|S:0.54545455,Ga;Ge;Li;S,4,43,Orthorhombic,0.0354328313068181,2.1339,False,icsd-161763;icsd-195819,,2021-02-04 09:21:48.647000+00:00,screen_candidate,outside OBELiX composition set,-6.287121611264779,0.16899603000692415,4.498540834841853,123,unflagged
2026.04.13,mp-555002,LiEr2S2O8F3,Er:0.12500000|F:0.18750000|Li:0.06250000|O:0.50000000|S:0.12500000,Er;F;Li;O;S,5,60,Orthorhombic,0.0141810281249981,6.0868,False,icsd-410044,,2021-02-09 07:25:37.506000+00:00,oxygen_scope_exclusion,contains oxygen; outside the declared Li-S scope,-7.386011891763621,0.28840089816883685,7.823715405980695,198,not_applicable
2026.04.13,mp-555090,LiBS4(ClO3)4,B:0.04545455|Cl:0.18181818|Li:0.04545455|O:0.54545455|S:0.18181818,B;Cl;Li;O;S,5,14,Monoclinic,0.0295049600473547,4.6226,False,icsd-16486,,2020-04-29 17:42:14.280000+00:00,oxygen_scope_exclusion,contains oxygen; outside the declared Li-S scope,-7.335970219029016,0.41363967117766604,7.151519616213723,193,not_applicable
2026.04.13,mp-555186,Li2ZnSnS4,Li:0.25000000|S:0.50000000|Sn:0.12500000|Zn:0.12500000,Li;S;Sn;Zn,4,7,Monoclinic,0.0,2.1985,False,icsd-419595,,2021-02-16 03:25:24.262000+00:00,screen_candidate,outside OBELiX composition set,-5.690685580400948,0.25501584938861194,3.922978941205186,75,high_score_lower_risk
2026.04.13,mp-556085,Rb2LiTaS4,Li:0.12500000|Rb:0.25000000|S:0.50000000|Ta:0.12500000,Li;Rb;S;Ta,4,2,Triclinic,0.0,2.7182,False,icsd-414188,,2021-02-16 15:08:34.994000+00:00,screen_candidate,outside OBELiX composition set,-5.277788121916793,0.25330959000169717,12.8631744738832,66,extrapolative
2026.04.13,mp-557892,BaLi(BS2)3,B:0.27272727|Ba:0.09090909|Li:0.09090909|S:0.54545455,B;Ba;Li;S,4,9,Monoclinic,0.0,2.8639,False,icsd-82353,,2021-02-17 02:47:27.327000+00:00,screen_candidate,outside OBELiX composition set,-7.6517388981248935,0.7051898987356786,9.711395598312047,206,extrapolative
2026.04.13,mp-557962,SrLiBS3,B:0.16666667|Li:0.16666667|S:0.50000000|Sr:0.16666667,B;Li;S;Sr,4,62,Orthorhombic,0.0008485134722171,2.392199999999999,False,icsd-380105,,2021-02-22 23:15:20.025000+00:00,screen_candidate,outside OBELiX composition set,-7.020875352136717,0.5238563000460794,8.13124040822213,181,extrapolative
2026.04.13,mp-557964,Li9S3N,Li:0.69230769|N:0.07692308|S:0.23076923,Li;N;S,3,221,Cubic,0.0078990861538468,2.4272,False,icsd-240749,,2021-03-13 22:44:10.442000+00:00,screen_candidate,outside OBELiX composition set,-3.475747659133966,0.3959674219528381,5.900351654965452,11,extrapolative
2026.04.13,mp-557969,LiLa2S2O8F3,F:0.18750000|La:0.12500000|Li:0.06250000|O:0.50000000|S:0.12500000,F;La;Li;O;S,5,15,Monoclinic,0.0100226792447886,4.5891,False,icsd-410043,,2021-02-04 17:49:21.338000+00:00,oxygen_scope_exclusion,contains oxygen; outside the declared Li-S scope,-6.2856174092745185,0.27351224135751806,6.676069626552701,122,not_applicable
2026.04.13,mp-558219,SrLi(BS2)3,B:0.27272727|Li:0.09090909|S:0.54545455|Sr:0.09090909,B;Li;S;Sr,4,9,Monoclinic,0.0,2.91,False,icsd-79616,,2021-02-04 10:56:04.059000+00:00,screen_candidate,outside OBELiX composition set,-7.409650934524838,0.6754466608701424,9.781056548601335,202,extrapolative
2026.04.13,mp-558731,Li2TeS3,Li:0.33333333|S:0.50000000|Te:0.16666667,Li;S;Te,3,14,Monoclinic,0.0,1.8764999999999996,False,icsd-415120,,2022-04-29 23:09:17.935000+00:00,screen_candidate,outside OBELiX composition set,-6.553375314043691,0.2911494031360462,3.5468576330752013,151,unflagged
2026.04.13,mp-558815,Rb2LiVS4,Li:0.12500000|Rb:0.25000000|S:0.50000000|V:0.12500000,Li;Rb;S;V,4,70,Orthorhombic,0.0,1.5836,False,icsd-414185,,2022-06-09 01:18:11.108000+00:00,redox_electronic_risk,V,-6.46475278011574,0.472124586598257,11.864404755740427,141,not_applicable
2026.04.13,mp-559238,CsLi2BS3,B:0.14285714|Cs:0.14285714|Li:0.28571429|S:0.42857143,B;Cs;Li;S,4,62,Orthorhombic,0.0,3.0936,False,icsd-411530,,2021-02-09 13:10:59.086000+00:00,screen_candidate,outside OBELiX composition set,-6.336562049500963,0.3705851807473962,13.10706935725814,127,extrapolative
2026.04.13,mp-559719,LiPr(SO4)2,Li:0.08333333|O:0.66666667|Pr:0.08333333|S:0.16666667,Li;O;Pr;S,4,14,Monoclinic,0.0,5.2829,False,icsd-200311,,2021-02-10 12:39:38.176000+00:00,oxygen_scope_exclusion,contains oxygen; outside the declared Li-S scope,-9.32716262518674,0.27542196115036494,7.724740620566874,231,not_applicable
2026.04.13,mp-559814,Li5SbS3I2,I:0.18181818|Li:0.45454545|S:0.27272727|Sb:0.09090909,I;Li;S;Sb,4,58,Orthorhombic,0.0,2.5078999999999994,False,icsd-413355,,2021-02-23 04:54:57.830000+00:00,screen_candidate,outside OBELiX composition set,-6.01690858725057,0.21052134736825404,6.217472029882716,93,unflagged
2026.04.13,mp-560212,Li2Ni(SO4)2,Li:0.15384615|Ni:0.07692308|O:0.61538462|S:0.15384615,Li;Ni;O;S,4,61,Orthorhombic,0.0018033458653841,4.278599999999999,False,icsd-193963;icsd-409554,,2021-02-06 04:20:42.098000+00:00,oxygen_scope_exclusion,contains oxygen; outside the declared Li-S scope,-6.860964893905445,0.3460846553920251,5.860470556186769,166,not_applicable
2026.04.13,mp-560614,KLiSO4,K:0.14285714|Li:0.14285714|O:0.57142857|S:0.14285714,K;Li;O;S,4,33,Orthorhombic,0.0088127246428575,5.260300000000001,False,icsd-88832,,2021-02-05 03:20:00.907000+00:00,oxygen_scope_exclusion,contains oxygen; outside the declared Li-S scope,-12.191115326389218,0.6837509986306327,8.284739526991492,241,not_applicable
2026.04.13,mp-5614,Li3BS3,B:0.14285714|Li:0.42857143|S:0.42857143,B;Li;S,3,62,Orthorhombic,0.0,3.0495,False,icsd-380104;icsd-75223,,2022-04-30 04:17:19.183000+00:00,screen_candidate,outside OBELiX composition set,-7.92696373734181,0.2306492495593855,3.017218706953638,212,unflagged
2026.04.13,mp-573030,Cs2LiNbS4,Cs:0.25000000|Li:0.12500000|Nb:0.12500000|S:0.50000000,Cs;Li;Nb;S,4,2,Triclinic,0.0,2.4582,False,icsd-414187,,2021-02-16 13:46:06.186000+00:00,screen_candidate,outside OBELiX composition set,-6.051775637257147,0.3062698981567746,17.052131495761273,102,extrapolative
2026.04.13,mp-6179,KLiSO4,K:0.14285714|Li:0.14285714|O:0.57142857|S:0.14285714,K;Li;O;S,4,173,Hexagonal,0.0001938871428572,5.3221,False,icsd-20851;icsd-280391;icsd-33251;icsd-36038;icsd-36470;icsd-36471;icsd-36472;icsd-48136;icsd-56106;icsd-71364;icsd-86284;icsd-88827;icsd-88828,,2023-10-07 18:22:40.245000+00:00,oxygen_scope_exclusion,contains oxygen; outside the declared Li-S scope,-12.191115326389218,0.6837509986306327,8.284739526991492,242,not_applicable
2026.04.13,mp-6211,RbLiSO4,Li:0.14285714|O:0.57142857|Rb:0.14285714|S:0.14285714,Li;O;Rb;S,4,14,Monoclinic,0.0,5.2348,False,icsd-174059;icsd-200524;icsd-26337,,2021-05-23 02:41:23.771000+00:00,oxygen_scope_exclusion,contains oxygen; outside the declared Li-S scope,-12.52399149365241,0.6366964233194204,8.954588241707487,247,not_applicable
2026.04.13,mp-6318,KLiSO4,K:0.14285714|Li:0.14285714|O:0.57142857|S:0.14285714,K;Li;O;S,4,9,Monoclinic,7.57285714287903e-05,5.3179,False,icsd-71366;icsd-71367,,2021-02-24 13:48:07.492000+00:00,oxygen_scope_exclusion,contains oxygen; outside the declared Li-S scope,-12.191115326389218,0.6837509986306327,8.284739526991492,243,not_applicable
2026.04.13,mp-641703,Li7P3S11,Li:0.33333333|P:0.14285714|S:0.52380952,Li;P;S,3,2,Triclinic,0.0198831835317454,2.4142,False,icsd-157654,,2021-03-10 00:44:31.608000+00:00,obelix_composition_reference,measured composition in OBELiX,-2.8012938476941134,0.24727910997248953,0.22545373771568142,10,not_applicable
2026.04.13,mp-6597,CsLiSO4,Cs:0.14285714|Li:0.14285714|O:0.57142857|S:0.14285714,Cs;Li;O;S,4,62,Orthorhombic,0.0033162064285701,5.1697999999999995,False,icsd-200623;icsd-63179;icsd-88900,,2021-02-05 09:53:53.351000+00:00,oxygen_scope_exclusion,contains oxygen; outside the declared Li-S scope,-11.092307785247312,0.6004592628172349,12.305625082738283,238,not_applicable
2026.04.13,mp-6726,CsLiSO4,Cs:0.14285714|Li:0.14285714|O:0.57142857|S:0.14285714,Cs;Li;O;S,4,14,Monoclinic,0.0,5.2736,False,icsd-200624;icsd-63181;icsd-63182;icsd-63183,,2023-10-07 11:57:59.930000+00:00,oxygen_scope_exclusion,contains oxygen; outside the declared Li-S scope,-11.092307785247312,0.6004592628172349,12.305625082738283,239,not_applicable
2026.04.13,mp-675419,LiPrS2,Li:0.25000000|Pr:0.25000000|S:0.50000000,Li;Pr;S,3,9,Monoclinic,0.0341688943750018,1.8884,True,,,2021-02-04 16:39:52.526000+00:00,screen_candidate,outside OBELiX composition set,-6.806782177321163,0.47300293225067264,13.78886327190342,158,extrapolative
2026.04.13,mp-677680,LiMgAl3(SO4)6,Al:0.08571429|Li:0.02857143|Mg:0.02857143|O:0.68571429|S:0.17142857,Al;Li;Mg;O;S,5,2,Triclinic,0.016932808607148,5.7139999999999995,True,,,2021-02-24 06:53:30.614000+00:00,oxygen_scope_exclusion,contains oxygen; outside the declared Li-S scope,-8.780622714105826,0.48729721782903385,5.312064685058145,229,not_applicable
2026.04.13,mp-6783,NaLiSO4,Li:0.14285714|Na:0.14285714|O:0.57142857|S:0.14285714,Li;Na;O;S,4,159,Trigonal,0.0001454697023808,5.5381,False,icsd-14364;icsd-67702;icsd-67703;icsd-95407,,2021-02-07 10:01:45.727000+00:00,oxygen_scope_exclusion,contains oxygen; outside the declared Li-S scope,-12.698914216633293,0.5847551326136347,4.184717354640851,248,not_applicable
2026.04.13,mp-679944,Li4Re6S11,Li:0.19047619|Re:0.28571429|S:0.52380952,Li;Re;S,3,56,Orthorhombic,0.0237363854761962,1.5798,False,icsd-201810,,2021-02-24 01:04:59.465000+00:00,screen_candidate,outside OBELiX composition set,-6.069161350894851,0.27235283038715435,12.889919647899328,107,extrapolative
2026.04.13,mp-6800,KLiSO4,K:0.14285714|Li:0.14285714|O:0.57142857|S:0.14285714,K;Li;O;S,4,159,Trigonal,0.0,5.3245,False,icsd-62981;icsd-71365;icsd-88829,,2021-03-10 00:06:01.759000+00:00,oxygen_scope_exclusion,contains oxygen; outside the declared Li-S scope,-12.191115326389218,0.6837509986306327,8.284739526991492,244,not_applicable
2026.04.13,mp-691187,LiPrS2,Li:0.25000000|Pr:0.25000000|S:0.50000000,Li;Pr;S,3,1,Triclinic,0.0409909906250023,1.8862,True,,,2021-02-20 07:31:06.036000+00:00,screen_candidate,outside OBELiX composition set,-6.806782177321163,0.47300293225067264,13.78886327190342,159,extrapolative
2026.04.13,mp-694995,LiMgCr3(SO4)6,Cr:0.08571429|Li:0.02857143|Mg:0.02857143|O:0.68571429|S:0.17142857,Cr;Li;Mg;O;S,5,2,Triclinic,0.0077065388928607,2.6414,True,,,2021-02-09 10:56:49.525000+00:00,oxygen_scope_exclusion,contains oxygen; outside the declared Li-S scope,-7.360975994689552,0.3693620089905737,3.4476811252637063,194,not_applicable
2026.04.13,mp-695469,Li3Cr13Ni3(SO4)24,Cr:0.09352518|Li:0.02158273|Ni:0.02158273|O:0.69064748|S:0.17266187,Cr;Li;Ni;O;S,5,1,Triclinic,0.0284804068255368,2.2487,True,,,2020-04-29 08:17:39.472000+00:00,oxygen_scope_exclusion,contains oxygen; outside the declared Li-S scope,-6.4498715194122,0.3284252039126679,4.0912973546126095,140,not_applicable
2026.04.13,mp-696123,Li10Sn(PS6)2,Li:0.40000000|P:0.08000000|S:0.48000000|Sn:0.04000000,Li;P;S;Sn,4,105,Tetragonal,0.0350227293000005,2.0004,True,,,2021-02-23 18:52:49.124000+00:00,obelix_composition_reference,measured composition in OBELiX,-2.3569796899287256,0.03182728703920429,0.0240337522292279,6,not_applicable
2026.04.13,mp-696128,Li10Ge(PS6)2,Ge:0.04000000|Li:0.40000000|P:0.08000000|S:0.48000000,Ge;Li;P;S,4,105,Tetragonal,0.0298671299000004,2.0551,True,,,2023-10-08 02:30:39.784000+00:00,obelix_composition_reference,measured composition in OBELiX,-2.2252999373353903,0.024128474197937105,0.0,1,not_applicable
2026.04.13,mp-696129,Li10Si(PS6)2,Li:0.40000000|P:0.08000000|S:0.48000000|Si:0.04000000,Li;P;S;Si,4,105,Tetragonal,0.0178478503999999,2.3831,True,,,2021-02-24 17:23:26.648000+00:00,obelix_composition_reference,measured composition in OBELiX,-2.786333968295455,0.05951042865141882,0.14462196175338457,8,not_applicable
2026.04.13,mp-696138,Li10Ge(PS6)2,Ge:0.04000000|Li:0.40000000|P:0.08000000|S:0.48000000,Ge;Li;P;S,4,1,Triclinic,0.0187605339,2.3653,True,,,2021-02-22 23:41:10.625000+00:00,obelix_composition_reference,measured composition in OBELiX,-2.2252999373353903,0.024128474197937105,0.0,2,not_applicable
2026.04.13,mp-704145,Li2Mn2(SO4)3,Li:0.10526316|Mn:0.10526316|O:0.63157895|S:0.15789474,Li;Mn;O;S,4,61,Orthorhombic,0.0077311981578906,4.4239,False,icsd-93650,,2020-04-29 10:49:16.051000+00:00,oxygen_scope_exclusion,contains oxygen; outside the declared Li-S scope,-6.321964080056696,0.28523418945707085,3.033487903157583,124,not_applicable
2026.04.13,mp-720509,Li10Si(PS6)2,Li:0.40000000|P:0.08000000|S:0.48000000|Si:0.04000000,Li;P;S;Si,4,1,Triclinic,0.0067197429999996,2.5638,True,,,2021-02-23 03:33:39.501000+00:00,obelix_composition_reference,measured composition in OBELiX,-2.786333968295455,0.05951042865141882,0.14462196175338457,9,not_applicable
2026.04.13,mp-721236,Li10Sn(PS6)2,Li:0.40000000|P:0.08000000|S:0.48000000|Sn:0.04000000,Li;P;S;Sn,4,1,Triclinic,0.0233750875000007,2.339,True,,,2021-02-20 13:58:19.270000+00:00,obelix_composition_reference,measured composition in OBELiX,-2.3569796899287256,0.03182728703920429,0.0240337522292279,7,not_applicable
2026.04.13,mp-722181,KLiS,K:0.33333333|Li:0.33333333|S:0.33333333,K;Li;S,3,194,Hexagonal,0.0489662016666669,2.7753,False,icsd-27465,,2021-05-22 03:54:33.029000+00:00,screen_candidate,outside OBELiX composition set,-5.795971996487188,0.33723332437584824,13.648313305342356,76,extrapolative
2026.04.13,mp-753195,Li2WS4,Li:0.28571429|S:0.57142857|W:0.14285714,Li;S;W,3,121,Tetragonal,0.0315461942857133,1.9871,True,,,2023-10-08 04:36:33.785000+00:00,redox_electronic_risk,W,-6.024220813617544,0.31714556020978035,10.900119699432995,94,not_applicable
2026.04.13,mp-753371,LiCuS,Cu:0.33333333|Li:0.33333333|S:0.33333333,Cu;Li;S,3,139,Tetragonal,0.0485701570138878,1.8048,True,,,2023-10-07 05:58:33.743000+00:00,redox_electronic_risk,Cu,-7.3099130622077935,0.3527264792868809,5.214030190723422,190,not_applicable
2026.04.13,mp-753520,Li3BiS3,Bi:0.14285714|Li:0.42857143|S:0.42857143,Bi;Li;S,3,33,Orthorhombic,0.0381694296428563,2.2533999999999996,True,,,2021-02-24 09:12:16.238000+00:00,screen_candidate,outside OBELiX composition set,-6.872826272147765,0.27705860008824756,8.507954906645585,168,unflagged
2026.04.13,mp-753546,Li8TiS6,Li:0.53333333|S:0.40000000|Ti:0.06666667,Li;S;Ti,3,185,Hexagonal,0.0034980028333322,2.2894,True,,,2022-04-29 00:52:38.225000+00:00,screen_candidate,outside OBELiX composition set,-6.625391072063249,0.25864928297195666,5.4187095033241395,153,unflagged
2026.04.13,mp-753677,Li3BiS3,Bi:0.14285714|Li:0.42857143|S:0.42857143,Bi;Li;S,3,161,Trigonal,0.048694122142856,2.558,True,,,2021-02-24 06:21:34.735000+00:00,screen_candidate,outside OBELiX composition set,-6.872826272147765,0.27705860008824756,8.507954906645585,169,unflagged
2026.04.13,mp-753720,Li3BiS3,Bi:0.14285714|Li:0.42857143|S:0.42857143,Bi;Li;S,3,148,Trigonal,0.0251350499999993,2.4456999999999995,True,,,2021-02-20 06:23:23.911000+00:00,screen_candidate,outside OBELiX composition set,-6.872826272147765,0.27705860008824756,8.507954906645585,170,unflagged
2026.04.13,mp-753737,Li3CuS2,Cu:0.16666667|Li:0.50000000|S:0.33333333,Cu;Li;S,3,60,Orthorhombic,0.0420377908333309,1.981,True,,,2021-02-24 14:59:25.231000+00:00,redox_electronic_risk,Cu,-6.467816156777384,0.3350109173129305,4.681600246374616,143,not_applicable
2026.04.13,mp-753968,Li2WS4,Li:0.28571429|S:0.57142857|W:0.14285714,Li;S;W,3,62,Orthorhombic,0.0481094799999999,1.6913,True,,,2021-02-22 22:04:27.487000+00:00,redox_electronic_risk,W,-6.024220813617544,0.31714556020978035,10.900119699432995,95,not_applicable
2026.04.13,mp-754856,Li7Y7ZrS16,Li:0.22580645|S:0.51612903|Y:0.22580645|Zr:0.03225806,Li;S;Y;Zr,4,10,Monoclinic,0.0066656554838706,1.7430999999999996,True,,,2021-02-09 00:15:45.132000+00:00,screen_candidate,outside OBELiX composition set,-5.396860806851931,0.23769515375204342,8.739977643662764,68,high_score_lower_risk
2026.04.13,mp-755139,Li5BiS4,Bi:0.10000000|Li:0.50000000|S:0.40000000,Bi;Li;S,3,71,Orthorhombic,0.0450513479999994,1.7858000000000005,True,,,2021-02-24 03:13:47.481000+00:00,screen_candidate,outside OBELiX composition set,-5.390057181948376,0.16677333211987702,7.94535176724383,67,high_score_lower_risk
2026.04.13,mp-755243,Li5CuSO2,Cu:0.11111111|Li:0.55555556|O:0.22222222|S:0.11111111,Cu;Li;O;S,4,123,Tetragonal,0.0454532218402761,2.3831999999999995,True,,,2021-02-20 15:33:30.609000+00:00,oxygen_scope_exclusion,contains oxygen; outside the declared Li-S scope,-4.969245867809378,0.35978182082754717,5.399752046082572,44,not_applicable
2026.04.13,mp-755309,Li3NbS4,Li:0.37500000|Nb:0.12500000|S:0.50000000,Li;Nb;S,3,215,Cubic,0.007749648684209,2.7598,True,,,2023-10-08 06:55:16.125000+00:00,screen_candidate,outside OBELiX composition set,-6.525524201740136,0.30832930445300505,6.2367337959368925,150,unflagged
2026.04.13,mp-755463,Li3SbS3,Li:0.42857143|S:0.42857143|Sb:0.14285714,Li;S;Sb,3,148,Trigonal,0.0384765664285708,2.0988,True,,,2021-02-24 15:25:42.395000+00:00,obelix_composition_reference,measured composition in OBELiX,-8.481216064358739,0.31153525590524583,2.6957350719979525,225,not_applicable
2026.04.13,mp-755642,Li3VS4,Li:0.37500000|S:0.50000000|V:0.12500000,Li;S;V,3,31,Orthorhombic,0.0368200287499984,1.6175,True,,,2021-02-16 13:05:35.865000+00:00,redox_electronic_risk,V,-6.895979979081939,0.3460970007328359,5.145792211636639,172,not_applicable
2026.04.13,mp-756198,Li14Mn2S9,Li:0.56000000|Mn:0.08000000|S:0.36000000,Li;Mn;S,3,147,Trigonal,0.0002643452000041,1.7707,True,,,2021-12-30 05:01:13.118000+00:00,redox_electronic_risk,Mn,-6.168645455921686,0.2579782020349643,5.1350890018103765,112,not_applicable
2026.04.13,mp-756316,Li3SbS4,Li:0.37500000|S:0.50000000|Sb:0.12500000,Li;S;Sb,3,31,Orthorhombic,0.0,2.1452,True,,,2021-03-14 07:02:38.944000+00:00,obelix_composition_reference,measured composition in OBELiX,-7.9830328404181925,0.1932459311682185,2.9776745801603193,213,not_applicable
2026.04.13,mp-756490,Li6MnS4,Li:0.54545455|Mn:0.09090909|S:0.36363636,Li;Mn;S,3,137,Tetragonal,0.0,1.8486,True,,,2023-10-08 06:10:38.088000+00:00,redox_electronic_risk,Mn,-6.7256613698732695,0.29450017763456865,5.1308921074023015,154,not_applicable
2026.04.13,mp-756811,Li4TiS4,Li:0.44444444|S:0.44444444|Ti:0.11111111,Li;S;Ti,3,63,Orthorhombic,0.025013956944444,2.1619,True,,,2021-02-20 09:30:30.900000+00:00,screen_candidate,outside OBELiX composition set,-6.438284208286736,0.2382872356235137,5.5711151074456655,137,unflagged
2026.04.13,mp-758969,Li2Mn(SO4)2,Li:0.15384615|Mn:0.07692308|O:0.61538462|S:0.15384615,Li;Mn;O;S,4,61,Orthorhombic,0.0135331186538456,4.3788,True,,,2021-02-06 11:29:29.275000+00:00,oxygen_scope_exclusion,contains oxygen; outside the declared Li-S scope,-7.241009636680034,0.37796569618727965,3.3220123981981233,186,not_applicable
2026.04.13,mp-759347,Li2V(SO4)2,Li:0.15384615|O:0.61538462|S:0.15384615|V:0.07692308,Li;O;S;V,4,61,Orthorhombic,0.0362928325708509,3.4122000000000003,True,,,2021-02-05 10:27:58.554000+00:00,oxygen_scope_exclusion,contains oxygen; outside the declared Li-S scope,-7.8707649817398915,0.3123419901221708,2.419860405873527,211,not_applicable
2026.04.13,mp-760375,Li3VS4,Li:0.37500000|S:0.50000000|V:0.12500000,Li;S;V,3,215,Cubic,0.0,1.8832,True,,,2023-10-07 13:13:42.404000+00:00,redox_electronic_risk,V,-6.895979979081939,0.3460970007328359,5.145792211636639,173,not_applicable
2026.04.13,mp-760415,Li3SbS4,Li:0.37500000|S:0.50000000|Sb:0.12500000,Li;S;Sb,3,121,Tetragonal,0.0048649418749988,2.0975,True,,,2023-10-08 05:30:55.298000+00:00,obelix_composition_reference,measured composition in OBELiX,-7.9830328404181925,0.1932459311682185,2.9776745801603193,214,not_applicable
2026.04.13,mp-764857,Li2Ni2(SO4)3,Li:0.10526316|Ni:0.10526316|O:0.63157895|S:0.15789474,Li;Ni;O;S,4,61,Orthorhombic,0.0384696875657892,3.6558,True,,,2014-04-17 08:06:36+00:00,oxygen_scope_exclusion,contains oxygen; outside the declared Li-S scope,-6.489519299873993,0.20903582043354732,5.3710996709204135,147,not_applicable
2026.04.13,mp-765354,Li2Co2(SO4)3,Co:0.10526316|Li:0.10526316|O:0.63157895|S:0.15789474,Co;Li;O;S,4,61,Orthorhombic,0.0324299620394743,2.7744,True,,,2019-11-05 09:30:52.090000+00:00,oxygen_scope_exclusion,contains oxygen; outside the declared Li-S scope,-6.845543718681456,0.2548666783590178,5.914058305524966,162,not_applicable
2026.04.13,mp-766088,LiCr3Ni(SO4)6,Cr:0.08571429|Li:0.02857143|Ni:0.02857143|O:0.68571429|S:0.17142857,Cr;Li;Ni;O;S,5,1,Triclinic,0.0094406510357112,2.3309,True,,,2021-02-23 14:14:49.631000+00:00,oxygen_scope_exclusion,contains oxygen; outside the declared Li-S scope,-6.434112463616512,0.2653784422547555,4.276669530174319,136,not_applicable
2026.04.13,mp-766506,Li3CuS2,Cu:0.16666667|Li:0.50000000|S:0.33333333,Cu;Li;S,3,206,Cubic,0.0184476464583314,2.0526000000000004,True,,,2022-01-01 06:57:11.433000+00:00,redox_electronic_risk,Cu,-6.467816156777384,0.3350109173129305,4.681600246374616,144,not_applicable
2026.04.13,mp-766540,Li4TiS4,Li:0.44444444|S:0.44444444|Ti:0.11111111,Li;S;Ti,3,62,Orthorhombic,0.0,2.3658,True,,,2022-04-29 02:26:54.375000+00:00,screen_candidate,outside OBELiX composition set,-6.438284208286736,0.2382872356235137,5.5711151074456655,138,unflagged
2026.04.13,mp-767165,K2LiVS4,K:0.25000000|Li:0.12500000|S:0.50000000|V:0.12500000,K;Li;S;V,4,9,Monoclinic,0.0,1.5185,True,,,2021-02-15 20:51:00.056000+00:00,redox_electronic_risk,V,-6.936971411305274,0.5552681172213558,9.058546252792798,177,not_applicable
2026.04.13,mp-768590,Li2Ni2(SO4)3,Li:0.10526316|Ni:0.10526316|O:0.63157895|S:0.15789474,Li;Ni;O;S,4,15,Monoclinic,0.0157517825000006,3.5479000000000003,True,,,2021-02-23 08:58:09.705000+00:00,oxygen_scope_exclusion,contains oxygen; outside the declared Li-S scope,-6.489519299873993,0.20903582043354732,5.3710996709204135,148,not_applicable
2026.04.13,mp-768659,Li2Co2(SO4)3,Co:0.10526316|Li:0.10526316|O:0.63157895|S:0.15789474,Co;Li;O;S,4,15,Monoclinic,0.036282792763159,2.703,True,,,2021-02-24 02:57:15.190000+00:00,oxygen_scope_exclusion,contains oxygen; outside the declared Li-S scope,-6.845543718681456,0.2548666783590178,5.914058305524966,163,not_applicable
2026.04.13,mp-768742,Li2Mn2(SO4)3,Li:0.10526316|Mn:0.10526316|O:0.63157895|S:0.15789474,Li;Mn;O;S,4,15,Monoclinic,0.012794903157892,4.3938,True,,,2021-02-23 06:21:10.890000+00:00,oxygen_scope_exclusion,contains oxygen; outside the declared Li-S scope,-6.321964080056696,0.28523418945707085,3.033487903157583,125,not_applicable
2026.04.13,mp-768755,Li2Sn2(SO4)3,Li:0.10526316|O:0.63157895|S:0.15789474|Sn:0.10526316,Li;O;S;Sn,4,60,Orthorhombic,0.0351480532894683,3.9623,True,,,2021-02-24 09:41:34.122000+00:00,oxygen_scope_exclusion,contains oxygen; outside the declared Li-S scope,-8.42115906771497,0.4109759663192654,3.768687292853232,220,not_applicable
2026.04.13,mp-768831,Li2Fe2(SO4)3,Fe:0.10526316|Li:0.10526316|O:0.63157895|S:0.15789474,Fe;Li;O;S,4,15,Monoclinic,0.016610252763149,4.2958,True,,,2021-02-15 20:52:58.069000+00:00,oxygen_scope_exclusion,contains oxygen; outside the declared Li-S scope,-6.909111315972783,0.2187703245390952,9.82017988935489,175,not_applicable
2026.04.13,mp-769287,Li2TiS2O,Li:0.33333333|O:0.16666667|S:0.33333333|Ti:0.16666667,Li;O;S;Ti,4,14,Monoclinic,0.0276130735648161,2.2463,True,,,2021-02-24 13:20:57.242000+00:00,oxygen_scope_exclusion,contains oxygen; outside the declared Li-S scope,-6.389908771532526,0.3072924572579609,7.639155023103099,132,not_applicable
2026.04.13,mp-769549,LiZnCr3(SO4)6,Cr:0.08571429|Li:0.02857143|O:0.68571429|S:0.17142857|Zn:0.02857143,Cr;Li;O;S;Zn,5,1,Triclinic,0.0107583012499974,2.2921,True,,,2021-02-17 00:38:54.203000+00:00,oxygen_scope_exclusion,contains oxygen; outside the declared Li-S scope,-7.43141845564239,0.31656196927588864,4.477300836810912,203,not_applicable
2026.04.13,mp-769554,LiMgCr3(SO4)6,Cr:0.08571429|Li:0.02857143|Mg:0.02857143|O:0.68571429|S:0.17142857,Cr;Li;Mg;O;S,5,1,Triclinic,0.0086855677500041,2.4161,True,,,2021-02-23 13:27:35.950000+00:00,oxygen_scope_exclusion,contains oxygen; outside the declared Li-S scope,-7.360975994689552,0.3693620089905737,3.4476811252637063,195,not_applicable
2026.04.13,mp-770191,Li2V2(SO4)3,Li:0.10526316|O:0.63157895|S:0.15789474|V:0.10526316,Li;O;S;V,4,60,Orthorhombic,0.0464551358864229,3.4618,True,,,2021-02-06 11:43:01.434000+00:00,oxygen_scope_exclusion,contains oxygen; outside the declared Li-S scope,-6.492383868789899,0.19464876342018222,2.0733259312594887,149,not_applicable
2026.04.13,mp-770383,Li2Cr2(SO4)3,Cr:0.10526316|Li:0.10526316|O:0.63157895|S:0.15789474,Cr;Li;O;S,4,15,Monoclinic,0.0488440328759445,2.2954,True,,,2021-02-17 00:46:43.559000+00:00,oxygen_scope_exclusion,contains oxygen; outside the declared Li-S scope,-6.9382603243011545,0.23964280264575188,2.648781463772053,178,not_applicable
2026.04.13,mp-770410,Li2Cr2(SO4)3,Cr:0.10526316|Li:0.10526316|O:0.63157895|S:0.15789474,Cr;Li;O;S,4,60,Orthorhombic,0.0457676736654173,2.5069999999999997,True,,,2021-02-05 18:53:22.301000+00:00,oxygen_scope_exclusion,contains oxygen; outside the declared Li-S scope,-6.9382603243011545,0.23964280264575188,2.648781463772053,179,not_applicable
2026.04.13,mp-771819,LiFe(SO4)2,Fe:0.08333333|Li:0.08333333|O:0.66666667|S:0.16666667,Fe;Li;O;S,4,1,Triclinic,0.0205766672569502,2.0517,True,,,2021-02-23 18:17:12.110000+00:00,oxygen_scope_exclusion,contains oxygen; outside the declared Li-S scope,-6.032031738721995,0.2693192324485203,7.524291226144288,98,not_applicable
2026.04.13,mp-771941,LiV(SO4)2,Li:0.08333333|O:0.66666667|S:0.16666667|V:0.08333333,Li;O;S;V,4,1,Triclinic,0.0145869946527801,1.8683,True,,,2021-02-04 10:50:26.220000+00:00,oxygen_scope_exclusion,contains oxygen; outside the declared Li-S scope,-6.479930608217094,0.312484794094914,1.8862820393591453,146,not_applicable
2026.04.13,mp-773160,LiCrCSO7,C:0.09090909|Cr:0.09090909|Li:0.09090909|O:0.63636364|S:0.09090909,C;Cr;Li;O;S,5,4,Monoclinic,0.037364464374999,2.5005,True,,,2021-03-10 01:30:02.058000+00:00,oxygen_scope_exclusion,contains oxygen; outside the declared Li-S scope,-7.001094661001065,0.4181893513462825,4.614312563547471,180,not_applicable
2026.04.13,mp-7744,LiSO3F,F:0.16666667|Li:0.16666667|O:0.50000000|S:0.16666667,F;Li;O;S,4,12,Monoclinic,0.0,5.7916,False,icsd-1384,,2021-03-09 21:04:05.544000+00:00,oxygen_scope_exclusion,contains oxygen; outside the declared Li-S scope,-8.928765082819412,0.598703465831841,6.662230127566377,230,not_applicable
2026.04.13,mp-774736,LiCuS,Cu:0.33333333|Li:0.33333333|S:0.33333333,Cu;Li;S,3,9,Monoclinic,0.0052187145138873,1.6984,True,,,2014-02-20 10:21:10+00:00,redox_electronic_risk,Cu,-7.3099130622077935,0.3527264792868809,5.214030190723422,191,not_applicable
2026.04.13,mp-774907,KLiZnS2,K:0.20000000|Li:0.20000000|S:0.40000000|Zn:0.20000000,K;Li;S;Zn,4,119,Tetragonal,0.0,2.4361,True,,,2022-09-16 23:26:05.112000+00:00,screen_candidate,outside OBELiX composition set,-5.932728492489354,0.4260254959922103,8.556642085449965,83,extrapolative
2026.04.13,mp-775806,Li3SbS3,Li:0.42857143|S:0.42857143|Sb:0.14285714,Li;S;Sb,3,14,Monoclinic,0.0397756373214281,2.2886,True,,,2021-02-05 05:01:42.910000+00:00,obelix_composition_reference,measured composition in OBELiX,-8.481216064358739,0.31153525590524583,2.6957350719979525,226,not_applicable
2026.04.13,mp-776423,Li6Ni2C4SO16,C:0.13793103|Li:0.20689655|Ni:0.06896552|O:0.55172414|S:0.03448276,C;Li;Ni;O;S,5,203,Cubic,0.0417234181896581,3.6761,True,,,2021-02-16 21:39:36.872000+00:00,oxygen_scope_exclusion,contains oxygen; outside the declared Li-S scope,-8.326716254197898,0.2935237810386481,7.548490812005676,218,not_applicable
2026.04.13,mp-776761,LiCr(SO4)2,Cr:0.08333333|Li:0.08333333|O:0.66666667|S:0.16666667,Cr;Li;O;S,4,1,Triclinic,0.0218078544097224,2.1597,True,,,2021-02-20 04:38:18.529000+00:00,oxygen_scope_exclusion,contains oxygen; outside the declared Li-S scope,-7.394193442970562,0.3790522606172683,2.8029427838113636,199,not_applicable
2026.04.13,mp-777573,Li2Fe2(SO4)3,Fe:0.10526316|Li:0.10526316|O:0.63157895|S:0.15789474,Fe;Li;O;S,4,60,Orthorhombic,0.0081136247368327,3.8848,True,,,2021-02-21 17:27:20.394000+00:00,oxygen_scope_exclusion,contains oxygen; outside the declared Li-S scope,-6.909111315972783,0.2187703245390952,9.82017988935489,176,not_applicable
2026.04.13,mp-777817,Li2Mn2(SO4)3,Li:0.10526316|Mn:0.10526316|O:0.63157895|S:0.15789474,Li;Mn;O;S,4,60,Orthorhombic,0.0048130574999971,4.4361,True,,,2021-02-05 08:42:04.684000+00:00,oxygen_scope_exclusion,contains oxygen; outside the declared Li-S scope,-6.321964080056696,0.28523418945707085,3.033487903157583,126,not_applicable
2026.04.13,mp-777931,Li2Sn2(SO4)3,Li:0.10526316|O:0.63157895|S:0.15789474|Sn:0.10526316,Li;O;S;Sn,4,61,Orthorhombic,0.0314418684210471,3.8156,True,,,2014-03-11 10:28:30+00:00,oxygen_scope_exclusion,contains oxygen; outside the declared Li-S scope,-8.42115906771497,0.4109759663192654,3.768687292853232,221,not_applicable
2026.04.13,mp-778578,Li2Co2(SO4)3,Co:0.10526316|Li:0.10526316|O:0.63157895|S:0.15789474,Co;Li;O;S,4,60,Orthorhombic,0.0128998106578954,2.9645,True,,,2021-02-05 15:50:45.632000+00:00,oxygen_scope_exclusion,contains oxygen; outside the declared Li-S scope,-6.845543718681456,0.2548666783590178,5.914058305524966,164,not_applicable
2026.04.13,mp-779809,LiSb(SO4)2,Li:0.08333333|O:0.66666667|S:0.16666667|Sb:0.08333333,Li;O;S;Sb,4,7,Monoclinic,0.0252034090625192,3.2512,True,,,2020-04-29 10:04:54.314000+00:00,oxygen_scope_exclusion,contains oxygen; outside the declared Li-S scope,-8.093976825015156,0.3467751476524027,3.688120889396346,217,not_applicable
2026.04.13,mp-780338,LiCr(SO4)2,Cr:0.08333333|Li:0.08333333|O:0.66666667|S:0.16666667,Cr;Li;O;S,4,7,Monoclinic,0.0224331595833344,2.136,True,,,2021-02-05 04:54:17.621000+00:00,oxygen_scope_exclusion,contains oxygen; outside the declared Li-S scope,-7.394193442970562,0.3790522606172683,2.8029427838113636,200,not_applicable
2026.04.13,mp-780523,LiFe(SO4)2,Fe:0.08333333|Li:0.08333333|O:0.66666667|S:0.16666667,Fe;Li;O;S,4,7,Monoclinic,0.0270697993750061,1.9499,True,,,2021-02-06 06:59:27.253000+00:00,oxygen_scope_exclusion,contains oxygen; outside the declared Li-S scope,-6.032031738721995,0.2693192324485203,7.524291226144288,99,not_applicable
2026.04.13,mp-780594,Li2Fe(SO4)2,Fe:0.07692308|Li:0.15384615|O:0.61538462|S:0.15384615,Fe;Li;O;S,4,61,Orthorhombic,0.0075716631730724,4.5495,True,,,2021-02-05 20:56:03.358000+00:00,oxygen_scope_exclusion,contains oxygen; outside the declared Li-S scope,-7.37967733524116,0.3598049813594391,6.718783694381001,197,not_applicable
2026.04.13,mp-8430,KLiS,K:0.33333333|Li:0.33333333|S:0.33333333,K;Li;S,3,129,Tetragonal,0.0,3.0571,False,icsd-290450;icsd-47229,,2022-09-16 22:50:31.301000+00:00,screen_candidate,outside OBELiX composition set,-5.795971996487188,0.33723332437584824,13.648313305342356,77,extrapolative
2026.04.13,mp-8452,NaLiS,Li:0.33333333|Na:0.33333333|S:0.33333333,Li;Na;S,3,129,Tetragonal,0.0,2.2642,False,icsd-61091,,2023-10-07 23:35:27.492000+00:00,screen_candidate,outside OBELiX composition set,-4.846235216378641,0.28051344697402836,5.05125752580491,41,high_score_lower_risk
2026.04.13,mp-849740,LiFe(SO4)2,Fe:0.08333333|Li:0.08333333|O:0.66666667|S:0.16666667,Fe;Li;O;S,4,1,Triclinic,0.02824912225695,2.0749,True,,,2021-02-24 04:40:08.570000+00:00,oxygen_scope_exclusion,contains oxygen; outside the declared Li-S scope,-6.032031738721995,0.2693192324485203,7.524291226144288,100,not_applicable
2026.04.13,mp-850862,Li2Cr(SO4)2,Cr:0.07692308|Li:0.15384615|O:0.61538462|S:0.15384615,Cr;Li;O;S,4,61,Orthorhombic,0.035952404697805,2.3360999999999996,True,,,2021-02-06 07:47:47.831000+00:00,oxygen_scope_exclusion,contains oxygen; outside the declared Li-S scope,-8.056935163534177,0.3810429484687406,3.084869796916185,216,not_applicable
2026.04.13,mp-850927,Li2Co(SO4)2,Co:0.07692308|Li:0.15384615|O:0.61538462|S:0.15384615,Co;Li;O;S,4,61,Orthorhombic,0.0086382949038466,3.0926,True,,,2021-02-06 04:55:13.382000+00:00,oxygen_scope_exclusion,contains oxygen; outside the declared Li-S scope,-7.289627494227732,0.34273498969163874,5.2456613078793195,188,not_applicable
2026.04.13,mp-853967,LiCuS,Cu:0.33333333|Li:0.33333333|S:0.33333333,Cu;Li;S,3,70,Orthorhombic,0.0055507370138876,1.5648000000000004,True,,,2023-10-07 13:11:38.106000+00:00,redox_electronic_risk,Cu,-7.3099130622077935,0.3527264792868809,5.214030190723422,192,not_applicable
2026.04.13,mp-861182,Li4TiS4,Li:0.44444444|S:0.44444444|Ti:0.11111111,Li;S;Ti,3,121,Tetragonal,0.0116382425000001,2.4707,True,,,2023-10-07 19:40:52.012000+00:00,screen_candidate,outside OBELiX composition set,-6.438284208286736,0.2382872356235137,5.5711151074456655,139,unflagged
2026.04.13,mp-861184,Li2WS4,Li:0.28571429|S:0.57142857|W:0.14285714,Li;S;W,3,111,Tetragonal,0.0367302628571417,1.9196,True,,,2023-10-07 08:54:22.325000+00:00,redox_electronic_risk,W,-6.024220813617544,0.31714556020978035,10.900119699432995,96,not_applicable
2026.04.13,mp-861449,LiCr(SO4)2,Cr:0.08333333|Li:0.08333333|O:0.66666667|S:0.16666667,Cr;Li;O;S,4,1,Triclinic,0.0257675007986124,2.2689,True,,,2021-02-23 04:22:48.827000+00:00,oxygen_scope_exclusion,contains oxygen; outside the declared Li-S scope,-7.394193442970562,0.3790522606172683,2.8029427838113636,201,not_applicable
2026.04.13,mp-8751,RbLiS,Li:0.33333333|Rb:0.33333333|S:0.33333333,Li;Rb;S,3,129,Tetragonal,0.0,2.745,False,icsd-67254,,2022-09-16 22:13:31.435000+00:00,screen_candidate,outside OBELiX composition set,-6.037285009314683,0.31861086571292574,16.77832351481711,101,extrapolative
2026.04.13,mp-942700,LiNiSO4F,F:0.12500000|Li:0.12500000|Ni:0.12500000|O:0.50000000|S:0.12500000,F;Li;Ni;O;S,5,2,Triclinic,0.0015092164062471,4.1658,True,icsd-180391,,2021-02-05 11:57:07.142000+00:00,oxygen_scope_exclusion,contains oxygen; outside the declared Li-S scope,-6.387591065369237,0.31435768037355644,8.126432780946942,131,not_applicable
2026.04.13,mp-942701,LiCoSO4F,Co:0.12500000|F:0.12500000|Li:0.12500000|O:0.50000000|S:0.12500000,Co;F;Li;O;S,5,2,Triclinic,0.0072727362500062,2.9190000000000005,False,icsd-167202,,2020-07-15 05:47:48.956000+00:00,oxygen_scope_exclusion,contains oxygen; outside the declared Li-S scope,-6.81400440401307,0.38964369233318,9.175649016968755,160,not_applicable
2026.04.13,mp-942702,LiMnSO4F,F:0.12500000|Li:0.12500000|Mn:0.12500000|O:0.50000000|S:0.12500000,F;Li;Mn;O;S,5,2,Triclinic,0.0124439789062327,3.9043,True,,,2020-11-10 20:25:32.762000+00:00,oxygen_scope_exclusion,contains oxygen; outside the declared Li-S scope,-6.59792740402842,0.29728327092163576,5.51778051996626,152,not_applicable
2026.04.13,mp-950995,Li6PS5I,I:0.07692308|Li:0.46153846|P:0.07692308|S:0.38461538,I;Li;P;S,4,9,Monoclinic,0.0021249259615379,2.2742,False,icsd-421083,,2023-10-08 10:06:02.445000+00:00,obelix_composition_reference,measured composition in OBELiX,-5.072110358849751,0.13668472797203743,0.38663736651717295,45,not_applicable
2026.04.13,mp-985582,Li6PS5I,I:0.07692308|Li:0.46153846|P:0.07692308|S:0.38461538,I;Li;P;S,4,216,Cubic,0.0189371801923066,2.0205,True,,,2021-02-15 23:35:18.502000+00:00,obelix_composition_reference,measured composition in OBELiX,-5.072110358849751,0.13668472797203743,0.38663736651717295,46,not_applicable
2026.04.13,mp-985583,Li3PS4,Li:0.37500000|P:0.12500000|S:0.50000000,Li;P;S,3,62,Orthorhombic,0.0,2.8095035353998923,True,,,2023-10-07 19:40:26.619000+00:00,obelix_composition_reference,measured composition in OBELiX,-6.05437137073699,0.15413781012775285,0.453037115432668,105,not_applicable
