candidate_rank,composition_key,formula,material_id,spacegroup_no,crystal_system,ranking_score,ensemble_spread,ad_distance,n_mp_entries,min_e_above_hull,max_band_gap,any_icsd_match,any_non_theoretical_entry,member_rank_q25,member_rank_median,member_rank_q75,member_rank_iqr,top_quartile_frequency,evidence_state,score_percentile,spread_percentile,ad_percentile,combined_risk_percentile
1,Cl:0.02000000|Li:0.40000000|P:0.06000000|S:0.46000000|Si:0.06000000,Li20Si3P3S23Cl,mp-1097035,6,Monoclinic,-2.2616938324596543,0.11619098537778953,4.717161061048966,3,0.0305383722999987,2.3935999999999997,False,False,1.0,1.0,1.0,0.0,1.0,high_score_lower_risk,1.0,0.016129032258064516,0.2903225806451613,0.2903225806451613
2,Li:0.69230769|N:0.07692308|S:0.23076923,Li9S3N,mp-557964,221,Cubic,-3.475747659133966,0.3959674219528381,5.900351654965452,1,0.0078990861538468,2.4272,True,True,2.0,3.0,3.0,1.0,1.0,extrapolative,0.9838709677419355,0.7903225806451613,0.4032258064516129,0.7903225806451613
3,Cl:0.16666667|Li:0.41666667|P:0.08333333|S:0.33333333,Li5P(S2Cl)2,mp-1040450,38,Orthorhombic,-3.507479020412228,0.1584097761388394,2.389149132728132,1,0.0163354922916667,2.7792999999999997,False,False,2.0,2.0,3.0,1.0,1.0,high_score_lower_risk,0.967741935483871,0.08064516129032258,0.03225806451612903,0.08064516129032258
4,Li:0.33333333|Na:0.33333333|S:0.33333333,NaLiS,mp-8452,129,Tetragonal,-4.846235216378641,0.28051344697402836,5.05125752580491,1,0.0,2.2642,True,True,4.0,5.0,5.0,1.0,1.0,high_score_lower_risk,0.9516129032258065,0.45161290322580644,0.3387096774193548,0.45161290322580644
5,Li:0.38400000|P:0.12800000|S:0.48800000,Li48P16S61,mp-1001069,6,Monoclinic,-4.84914265144327,0.15295070527240517,0.5716396397316208,1,0.018982198731428,2.2955,False,False,4.0,5.0,5.5,1.5,1.0,high_score_lower_risk,0.9354838709677419,0.06451612903225806,0.016129032258064516,0.06451612903225806
6,Li:0.50000000|P:0.07142857|S:0.42857143,Li7PS6,mp-1211324,33,Orthorhombic,-5.074569718213718,0.3659945241261928,4.795806559792761,1,0.0325299232142848,2.0626,False,False,5.0,6.0,8.0,3.0,0.9333333333333333,high_score_lower_risk,0.9193548387096774,0.6774193548387096,0.3064516129032258,0.6774193548387096
7,Li:0.12500000|Rb:0.25000000|S:0.50000000|Ta:0.12500000,Rb2LiTaS4,mp-556085,2,Triclinic,-5.277788121916793,0.25330959000169717,12.8631744738832,1,0.0,2.7182,True,True,7.0,8.0,9.5,2.5,1.0,extrapolative,0.9032258064516129,0.3548387096774194,0.8225806451612904,0.8225806451612904
8,Bi:0.10000000|Li:0.50000000|S:0.40000000,Li5BiS4,mp-755139,71,Orthorhombic,-5.390057181948376,0.16677333211987702,7.94535176724383,1,0.0450513479999994,1.7858000000000005,False,False,7.0,10.0,12.5,5.5,0.8666666666666667,high_score_lower_risk,0.8870967741935484,0.0967741935483871,0.5,0.5
9,Li:0.22580645|S:0.51612903|Y:0.22580645|Zr:0.03225806,Li7Y7ZrS16,mp-754856,10,Monoclinic,-5.396860806851931,0.23769515375204342,8.739977643662764,1,0.0066656554838706,1.7430999999999996,False,False,7.5,9.0,13.0,5.5,0.9333333333333333,high_score_lower_risk,0.8709677419354839,0.2903225806451613,0.5967741935483871,0.5967741935483871
10,As:0.07692308|I:0.07692308|Li:0.46153846|S:0.38461538,Li6AsS5I,mp-1222482,1,Triclinic,-5.466361544081773,0.2522016618426946,3.671871873969864,2,0.0,1.5997999999999997,False,False,8.5,10.0,16.0,7.5,0.7333333333333333,high_score_lower_risk,0.8548387096774194,0.3387096774193548,0.11290322580645161,0.3387096774193548
11,Cd:0.12500000|Li:0.25000000|S:0.50000000|Sn:0.12500000,Li2CdSnS4,mp-1188784,31,Orthorhombic,-5.57752310175115,0.18876126371087262,4.101409524735375,1,0.0,1.934654526916268,True,True,10.0,12.0,13.5,3.5,0.8666666666666667,high_score_lower_risk,0.8387096774193549,0.16129032258064516,0.1935483870967742,0.1935483870967742
12,Li:0.25000000|S:0.50000000|Si:0.12500000|Sn:0.12500000,Li2SiSnS4,mp-1021497,121,Tetragonal,-5.580389314664825,0.1444367295427726,3.781334690215961,1,0.0168684903125004,1.9995,False,False,11.0,13.0,18.0,7.0,0.6666666666666666,high_score_lower_risk,0.8225806451612904,0.04838709677419355,0.12903225806451613,0.12903225806451613
13,Li:0.20000000|Na:0.20000000|S:0.40000000|Zn:0.20000000,NaLiZnS2,mp-1220972,156,Trigonal,-5.584897509777568,0.3860562295941375,5.660253507098548,1,0.0,1.8298,False,False,10.0,12.0,23.0,13.0,0.6666666666666666,extrapolative,0.8064516129032258,0.7580645161290323,0.3870967741935484,0.7580645161290323
14,In:0.25000000|Li:0.25000000|S:0.50000000,LiInS2,mp-1188392,33,Orthorhombic,-5.671274059154,0.23527856335942332,3.8504091175790074,1,0.0,2.195760046648682,True,True,12.0,13.0,20.5,8.5,0.6666666666666666,high_score_lower_risk,0.7903225806451613,0.27419354838709675,0.14516129032258066,0.27419354838709675
15,Li:0.25000000|S:0.50000000|Sn:0.12500000|Zn:0.12500000,Li2ZnSnS4,mp-555186,7,Monoclinic,-5.690685580400948,0.25501584938861194,3.922978941205186,1,0.0,2.1985,True,True,13.0,14.0,18.0,5.0,0.7333333333333333,high_score_lower_risk,0.7741935483870968,0.3709677419354839,0.1774193548387097,0.3709677419354839
16,K:0.33333333|Li:0.33333333|S:0.33333333,KLiS,mp-8430,129,Tetragonal,-5.795971996487188,0.33723332437584824,13.648313305342356,2,0.0,3.0571,True,True,10.5,18.0,29.0,18.5,0.4666666666666667,extrapolative,0.7580645161290323,0.6290322580645161,0.9354838709677419,0.9354838709677419
17,Cd:0.12500000|Ge:0.12500000|Li:0.25000000|S:0.50000000,Li2CdGeS4,mp-1189383,31,Orthorhombic,-5.851252935654203,0.20963708489072208,3.9195477431335872,1,0.0,2.235934698116427,True,True,18.5,20.0,23.0,4.5,0.13333333333333333,unflagged,0.7419354838709677,0.20967741935483872,0.16129032258064516,0.20967741935483872
18,Ga:0.25000000|Li:0.25000000|S:0.50000000,LiGaS2,mp-3647,33,Orthorhombic,-5.878698521208734,0.24859700442112823,4.298198639739917,1,0.0,2.9608,True,True,18.0,20.0,26.5,8.5,0.13333333333333333,unflagged,0.7258064516129032,0.3225806451612903,0.20967741935483872,0.3225806451612903
19,K:0.20000000|Li:0.20000000|S:0.40000000|Zn:0.20000000,KLiZnS2,mp-774907,119,Tetragonal,-5.932728492489354,0.4260254959922103,8.556642085449965,1,0.0,2.4361,False,False,16.0,22.0,34.0,18.0,0.3333333333333333,extrapolative,0.7096774193548387,0.8225806451612904,0.5645161290322581,0.8225806451612904
20,Au:0.33333333|Li:0.33333333|S:0.33333333,LiAuS,mp-29829,70,Orthorhombic,-5.935685356485719,0.29401723820390796,13.409221559675894,1,0.0,1.5804,True,True,16.0,26.0,33.0,17.0,0.26666666666666666,extrapolative,0.6935483870967742,0.4838709677419355,0.9193548387096774,0.9193548387096774
21,Li:0.25000000|Nd:0.05555556|P:0.13888889|S:0.55555556,Li9Nd2(PS4)5,mp-1223032,15,Monoclinic,-5.959116793914154,0.14365325288770306,10.755091776226454,1,0.0,2.6503000000000005,False,False,22.0,25.0,30.0,8.0,0.13333333333333333,unflagged,0.6774193548387096,0.03225806451612903,0.6935483870967742,0.6935483870967742
22,Ge:0.12500000|Li:0.25000000|Pb:0.12500000|S:0.50000000,Li2GePbS4,mp-19896,121,Tetragonal,-5.971734927486074,0.19657558620255486,9.135780777506577,1,0.0,2.2649000000000004,True,True,20.5,24.0,31.0,10.5,0.06666666666666667,unflagged,0.6612903225806451,0.1774193548387097,0.6129032258064516,0.6129032258064516
23,Li:0.17543860|P:0.14035088|S:0.56140351|Zn:0.12280702,Li10Zn7(PS4)8,mp-1147627,1,Triclinic,-5.985509481015381,0.17794890120547285,2.45859381899949,3,0.0051426498684215,2.6864000000000003,False,False,22.5,26.0,33.5,11.0,0.13333333333333333,unflagged,0.6451612903225806,0.12903225806451613,0.04838709677419355,0.12903225806451613
24,Dy:0.25000000|Li:0.25000000|S:0.50000000,LiDyS2,mp-15789,166,Trigonal,-5.9866892618630265,0.3557491559639303,12.625063424858133,2,0.0,1.9741999999999995,True,True,20.0,25.0,33.5,13.5,0.2,extrapolative,0.6290322580645161,0.6451612903225806,0.8064516129032258,0.8064516129032258
25,Li:0.20000000|Rb:0.20000000|S:0.40000000|Zn:0.20000000,RbLiZnS2,mp-1219554,119,Tetragonal,-6.006456162359532,0.38033690548374793,11.158408009531561,1,0.0,2.4519,False,False,19.5,26.0,34.5,15.0,0.06666666666666667,unflagged,0.6129032258064516,0.7419354838709677,0.7096774193548387,0.7419354838709677
26,I:0.18181818|Li:0.45454545|S:0.27272727|Sb:0.09090909,Li5SbS3I2,mp-559814,58,Orthorhombic,-6.01690858725057,0.21052134736825404,6.217472029882716,1,0.0,2.5078999999999994,True,True,20.5,26.0,34.5,14.0,0.06666666666666667,unflagged,0.5967741935483871,0.22580645161290322,0.45161290322580644,0.45161290322580644
27,Li:0.33333333|Rb:0.33333333|S:0.33333333,RbLiS,mp-8751,129,Tetragonal,-6.037285009314683,0.31861086571292574,16.77832351481711,1,0.0,2.745,True,True,22.0,27.0,38.0,16.0,0.2,extrapolative,0.5806451612903226,0.5967741935483871,0.9838709677419355,0.9838709677419355
28,Cs:0.25000000|Li:0.12500000|Nb:0.12500000|S:0.50000000,Cs2LiNbS4,mp-573030,2,Triclinic,-6.051775637257147,0.3062698981567746,17.052131495761273,1,0.0,2.4582,True,True,22.0,25.0,35.0,13.0,0.06666666666666667,extrapolative,0.5645161290322581,0.5161290322580645,1.0,1.0
29,Li:0.19047619|Re:0.28571429|S:0.52380952,Li4Re6S11,mp-1181012,56,Orthorhombic,-6.069161350894851,0.27235283038715435,12.889919647899328,2,0.0,1.725,True,True,22.5,27.0,35.0,12.5,0.0,extrapolative,0.5483870967741935,0.4032258064516129,0.8387096774193549,0.8387096774193549
30,Cs:0.20000000|Li:0.20000000|S:0.40000000|Zn:0.20000000,CsLiZnS2,mp-1225887,119,Tetragonal,-6.075818249652455,0.3182087587002855,16.006616920368653,1,0.0,2.5019,False,False,25.5,30.0,32.0,6.5,0.06666666666666667,extrapolative,0.532258064516129,0.5806451612903226,0.967741935483871,0.967741935483871
31,Bi:0.25000000|Li:0.25000000|S:0.50000000,LiBiS2,mp-1222404,166,Trigonal,-6.077950487776627,0.27549127320156364,12.12776920663703,1,0.0,1.7886000000000006,False,False,18.5,33.0,38.0,19.5,0.26666666666666666,unflagged,0.5161290322580645,0.41935483870967744,0.7419354838709677,0.7419354838709677
32,Ge:0.12500000|Li:0.25000000|S:0.50000000|Zn:0.12500000,Li2ZnGeS4,mp-1210804,31,Orthorhombic,-6.130610441018429,0.2135561628549753,4.827849307425689,1,0.0,2.1846,False,False,27.5,29.0,32.0,4.5,0.0,unflagged,0.5,0.24193548387096775,0.3225806451612903,0.3225806451612903
33,In:0.18181818|Li:0.18181818|S:0.54545455|Si:0.09090909,Li2In2SiS6,mp-1191903,9,Monoclinic,-6.133709325541399,0.18445660926203156,4.536217939745336,1,0.0041443186363645,2.4279999999999995,True,True,25.0,32.0,36.0,11.0,0.0,unflagged,0.4838709677419355,0.14516129032258066,0.25806451612903225,0.25806451612903225
34,Li:0.25000000|S:0.50000000|Y:0.25000000,LiYS2,mp-15788,166,Trigonal,-6.185252350749052,0.36893286919468316,8.54932089397962,2,0.0,1.9597,True,True,21.5,37.0,41.5,20.0,0.0,unflagged,0.46774193548387094,0.7096774193548387,0.5483870967741935,0.7096774193548387
35,Au:0.16666667|Li:0.50000000|S:0.33333333,Li3AuS2,mp-15999,72,Orthorhombic,-6.186845604252491,0.33529246253035133,9.648470989288889,1,0.0,2.0985,True,True,25.5,31.0,43.5,18.0,0.06666666666666667,unflagged,0.45161290322580644,0.6129032258064516,0.6290322580645161,0.6290322580645161
36,Ge:0.09090909|In:0.18181818|Li:0.18181818|S:0.54545455,Li2In2GeS6,mp-1191476,9,Monoclinic,-6.215298601125224,0.20059286794394282,4.409756094097032,1,0.0138102058522733,2.3229000000000006,True,True,29.5,37.0,40.5,11.0,0.06666666666666667,unflagged,0.43548387096774194,0.1935483870967742,0.22580645161290322,0.22580645161290322
37,Er:0.25000000|Li:0.25000000|S:0.50000000,LiErS2,mp-15791,166,Trigonal,-6.241171383306647,0.43131900908509563,11.966987602801476,2,0.0,1.9964000000000004,True,True,26.0,38.0,43.0,17.0,0.06666666666666667,extrapolative,0.41935483870967744,0.8387096774193549,0.7258064516129032,0.8387096774193549
38,Li:0.25000000|S:0.50000000|Tb:0.25000000,LiTbS2,mp-1222297,166,Trigonal,-6.252076583878466,0.35845460878601787,13.222703181747182,1,0.0,2.3395,False,False,33.5,39.0,41.5,8.0,0.06666666666666667,extrapolative,0.4032258064516129,0.6612903225806451,0.9032258064516129,0.9032258064516129
39,Ho:0.25000000|Li:0.25000000|S:0.50000000,LiHoS2,mp-15790,166,Trigonal,-6.271441881044149,0.3881788481130907,12.158139330193578,1,0.0,1.9863000000000004,True,True,28.0,40.0,42.0,14.0,0.0,extrapolative,0.3870967741935484,0.7741935483870968,0.7741935483870968,0.7741935483870968
40,Ga:0.18181818|Ge:0.09090909|Li:0.18181818|S:0.54545455,Li2Ga2GeS6,mp-554782,43,Orthorhombic,-6.287121611264779,0.16899603000692415,4.498540834841853,1,0.0354328313068181,2.1339,True,True,33.0,36.0,42.5,9.5,0.0,unflagged,0.3709677419354839,0.11290322580645161,0.24193548387096775,0.24193548387096775
41,B:0.14285714|Cs:0.14285714|Li:0.28571429|S:0.42857143,CsLi2BS3,mp-559238,62,Orthorhombic,-6.336562049500963,0.3705851807473962,13.10706935725814,1,0.0,3.0936,True,True,33.5,38.0,40.0,6.5,0.0,extrapolative,0.3548387096774194,0.7258064516129032,0.8870967741935484,0.8870967741935484
42,Li:0.25000000|S:0.50000000|Sm:0.25000000,LiSmS2,mp-1222296,166,Trigonal,-6.35377617316926,0.4500228549907231,12.211642952527036,2,0.0,2.2194999999999996,False,False,29.0,39.0,44.5,15.5,0.06666666666666667,extrapolative,0.3387096774193548,0.8548387096774194,0.7903225806451613,0.8548387096774194
43,Li:0.12500000|Nb:0.12500000|Rb:0.25000000|S:0.50000000,Rb2LiNbS4,mp-553962,2,Triclinic,-6.3632823379433905,0.3675991506615786,12.15432433697659,1,0.0,2.306,True,True,31.5,38.0,41.0,9.5,0.0,extrapolative,0.3225806451612903,0.6935483870967742,0.7580645161290323,0.7580645161290323
44,Li:0.44444444|S:0.44444444|Ti:0.11111111,Li4TiS4,mp-766540,62,Orthorhombic,-6.438284208286736,0.2382872356235137,5.5711151074456655,3,0.0,2.4707,False,False,36.0,44.0,46.0,10.0,0.0,unflagged,0.3064516129032258,0.3064516129032258,0.3709677419354839,0.3709677419354839
45,Li:0.37500000|Nb:0.12500000|S:0.50000000,Li3NbS4,mp-755309,215,Cubic,-6.525524201740136,0.30832930445300505,6.2367337959368925,1,0.007749648684209,2.7598,False,False,39.5,43.0,49.5,10.0,0.0,unflagged,0.2903225806451613,0.532258064516129,0.46774193548387094,0.532258064516129
46,Li:0.33333333|S:0.50000000|Te:0.16666667,Li2TeS3,mp-558731,14,Monoclinic,-6.553375314043691,0.2911494031360462,3.5468576330752013,1,0.0,1.8764999999999996,True,True,38.0,47.0,49.5,11.5,0.0,unflagged,0.27419354838709675,0.46774193548387094,0.0967741935483871,0.46774193548387094
47,Li:0.53333333|S:0.40000000|Ti:0.06666667,Li8TiS6,mp-753546,185,Hexagonal,-6.625391072063249,0.25864928297195666,5.4187095033241395,1,0.0034980028333322,2.2894,False,False,44.5,46.0,48.5,4.0,0.0,unflagged,0.25806451612903225,0.3870967741935484,0.3548387096774194,0.3870967741935484
48,Li:0.25000000|Nd:0.25000000|S:0.50000000,LiNdS2,mp-1222303,166,Trigonal,-6.781076002670205,0.45804030694881914,12.997154013789253,2,0.0134386003125026,2.1019,False,False,46.0,49.0,53.0,7.0,0.0,extrapolative,0.24193548387096775,0.9032258064516129,0.8548387096774194,0.9032258064516129
49,Li:0.25000000|Pr:0.25000000|S:0.50000000,LiPrS2,mp-675419,9,Monoclinic,-6.806782177321163,0.47300293225067264,13.78886327190342,2,0.0341688943750018,1.8884,False,False,48.0,49.0,52.0,4.0,0.0,extrapolative,0.22580645161290322,0.9193548387096774,0.9516129032258065,0.9516129032258065
50,As:0.14285714|Li:0.42857143|S:0.42857143,Li3AsS3,mp-28471,33,Orthorhombic,-6.815648762105939,0.31786266376104544,3.1130135917604562,1,0.0,2.2848999999999995,True,True,47.0,51.0,54.0,7.0,0.0,unflagged,0.20967741935483872,0.5645161290322581,0.08064516129032258,0.5645161290322581
51,B:0.22222222|Li:0.22222222|S:0.55555556,Li2B2S5,mp-29410,63,Orthorhombic,-6.870461691696273,0.302069116394726,6.057651914391317,1,0.0,2.4427000000000003,True,True,49.5,52.0,52.5,3.0,0.0,unflagged,0.1935483870967742,0.5,0.43548387096774194,0.5
52,Bi:0.14285714|Li:0.42857143|S:0.42857143,Li3BiS3,mp-753720,148,Trigonal,-6.872826272147765,0.27705860008824756,8.507954906645585,3,0.0251350499999993,2.558,False,False,46.0,52.0,55.5,9.5,0.0,unflagged,0.1774193548387097,0.43548387096774194,0.532258064516129,0.532258064516129
53,Al:0.25000000|Li:0.25000000|S:0.50000000,LiAlS2,mp-1106183,33,Orthorhombic,-6.890379429038136,0.4121289468575302,4.555839578711731,1,0.0,4.7954,True,False,46.0,52.0,54.0,8.0,0.0,extrapolative,0.16129032258064516,0.8064516129032258,0.27419354838709675,0.8064516129032258
54,B:0.16666667|Li:0.16666667|S:0.50000000|Sr:0.16666667,SrLiBS3,mp-557962,62,Orthorhombic,-7.020875352136717,0.5238563000460794,8.13124040822213,1,0.0008485134722171,2.392199999999999,True,True,48.5,52.0,55.5,7.0,0.0,extrapolative,0.14516129032258066,0.9516129032258065,0.5161290322580645,0.9516129032258065
55,C:0.25000000|K:0.16666667|Li:0.08333333|N:0.25000000|S:0.25000000,K2LiC3(SN)3,mp-1195085,33,Orthorhombic,-7.068654474346356,0.45735686751213456,13.08823880658601,1,0.007317217743056,4.4526,True,True,51.5,54.0,56.0,4.5,0.0,extrapolative,0.12903225806451613,0.8870967741935484,0.8709677419354839,0.8870967741935484
56,B:0.16666667|Ba:0.16666667|Li:0.16666667|S:0.50000000,BaLiBS3,mp-554076,14,Monoclinic,-7.218908100209343,0.5711879458507745,8.561405263889316,1,0.0,2.1531,True,True,51.5,54.0,58.0,6.5,0.0,extrapolative,0.11290322580645161,0.967741935483871,0.5806451612903226,0.967741935483871
57,B:0.27272727|Li:0.09090909|S:0.54545455|Sr:0.09090909,SrLi(BS2)3,mp-558219,9,Monoclinic,-7.409650934524838,0.6754466608701424,9.781056548601335,1,0.0,2.91,True,True,54.5,57.0,58.5,4.0,0.0,extrapolative,0.0967741935483871,0.9838709677419355,0.6612903225806451,0.9838709677419355
58,B:0.27272727|Ba:0.09090909|Li:0.09090909|S:0.54545455,BaLi(BS2)3,mp-557892,9,Monoclinic,-7.6517388981248935,0.7051898987356786,9.711395598312047,1,0.0,2.8639,True,True,56.5,59.0,60.5,4.0,0.0,extrapolative,0.08064516129032258,1.0,0.6451612903225806,1.0
59,B:0.28000000|Li:0.20000000|S:0.52000000,Li5B7S13,mp-532413,9,Monoclinic,-7.653397778052493,0.455407143149457,7.054339575674812,1,0.0,3.5527999999999995,False,False,57.0,59.0,60.0,3.0,0.0,extrapolative,0.06451612903225806,0.8709677419354839,0.4838709677419355,0.8709677419354839
60,C:0.25000000|Li:0.25000000|N:0.25000000|S:0.25000000,LiCSN,mp-1188861,62,Orthorhombic,-7.766497874662053,0.5220120415400317,10.422757001347833,1,0.0410096179464289,3.8556,True,True,56.5,60.0,60.5,4.0,0.0,extrapolative,0.04838709677419355,0.9354838709677419,0.6774193548387096,0.9354838709677419
61,Al:0.10000000|Li:0.10000000|P:0.20000000|S:0.60000000,LiAl(PS3)2,mp-1188124,15,Monoclinic,-7.8357339385364435,0.31467128199157324,6.0047387710739475,1,0.0,2.749142152725869,True,True,58.5,60.0,61.0,2.5,0.0,unflagged,0.03225806451612903,0.5483870967741935,0.41935483870967744,0.5483870967741935
62,B:0.14285714|Li:0.42857143|S:0.42857143,Li3BS3,mp-5614,62,Orthorhombic,-7.92696373734181,0.2306492495593855,3.017218706953638,1,0.0,3.0495,True,True,60.0,61.0,61.5,1.5,0.0,unflagged,0.016129032258064516,0.25806451612903225,0.06451612903225806,0.25806451612903225
