record_id,composition_key,fold,true_log10_sigma,prediction,spread,ad_distance,absolute_error,censored,target_domain
00x,Gd:0.05555556|Li:0.05555556|O:0.66666667|P:0.22222222,3,-10.0,-7.269427772428703,0.3772954641353962,7.368689779093451,2.7305722275712974,True,False
019,Li:0.05555556|O:0.66666667|P:0.16666667|Ti:0.11111111,4,-3.7931741239681505,-6.679900821777224,0.3030776280242749,1.0006789506007996,2.8867266978090735,False,False
02p,Li:0.40000000|P:0.08000000|S:0.48000000|Si:0.04000000,2,-2.638272163982407,-2.6276298190787886,0.07356001596858693,0.2103504693860831,0.010642344903618373,False,True
08e,Li:0.05555556|O:0.66666667|P:0.16666667|Ti:0.10000000|Zr:0.01111111,5,-7.070581074285707,-5.394094645995084,0.2160651404497686,1.3333404299379121,1.676486428290623,False,False
09w,Br:0.07662835|Li:0.46360153|P:0.07279693|S:0.38314176|Si:0.00383142,3,-3.359518563029578,-3.0035029680983194,0.07225928864167121,0.1033890106754269,0.35601559493125867,False,True
0ew,La:0.13043478|Li:0.26086957|O:0.52173913|Ta:0.04347826|Zr:0.04347826,2,-3.795880017344075,-4.184040861278766,0.09610231563857367,0.7935518498286497,0.3881608439346911,False,False
0fa,Al:0.01092896|Li:0.07103825|O:0.65573770|P:0.16393443|Sc:0.00546448|Ti:0.09289617,2,-3.570247719997592,-3.110349143405943,0.06597507393419709,0.7617604353626652,0.459898576591649,False,False
0fh,Al:0.01098901|Ge:0.09890110|Li:0.06593407|O:0.65934066|P:0.16483516,5,-4.316052869248487,-5.138556399935251,0.14080427095750758,0.4929961215731785,0.8225035306867632,False,False
0iv,Li:0.33333333|P:0.16666667|S:0.50000000,5,-6.623423042943488,-5.643462489950499,0.23330690783808086,1.6892709810269266,0.9799605529929885,False,True
0o6,Li:0.06593407|O:0.65934066|P:0.16483516|Sc:0.01098901|Ti:0.09890110,4,-4.000869458712629,-3.551891304274061,0.051683197888771217,0.2321629831089025,0.4489781544385676,False,False
0v9,In:0.01111111|La:0.13333333|Li:0.24444444|Nb:0.07777778|O:0.53333333,4,-4.619788758288394,-4.250426037660833,0.15240672701782382,2.3367215732460247,0.3693627206275609,False,False
0x9,Li:0.06593407|O:0.65934066|P:0.16483516|Sc:0.01098901|Ti:0.09890110,4,-3.6090648928966207,-3.551891304274061,0.051683197888771217,0.2321629831089025,0.05717358862255972,False,False
0y6,Al:0.03225806|Ge:0.07526882|Li:0.08602151|O:0.64516129|P:0.16129032,5,-3.853871964321762,-3.9062517408117987,0.08809281467321271,0.5274883440701047,0.05237977649003689,False,False
10s,Br:0.07490637|Li:0.47565543|P:0.04868914|S:0.37453184|Si:0.02621723,4,-2.630784142589857,-2.8754336982828366,0.0471761481408507,0.12070071967857607,0.24464955569297953,False,True
10u,Li:0.39024390|P:0.09756098|S:0.48780488|Si:0.02439024,2,-5.494850021680094,-3.0187015170370457,0.18051191928079852,0.49084991490815816,2.476148504643048,False,True
11b,Li:0.75000000|P:0.25000000,2,-3.153044674980176,-4.6317341089933315,0.2173392553026972,6.997496914757311,1.4786894340131553,False,False
122,Cl:0.07692308|Li:0.46153846|P:0.07692308|S:0.38461538,4,-2.688246138944246,-4.739898246330769,0.25821827641029765,5.044581376495368,2.0516521073865235,False,True
13q,Li:0.40000000|P:0.08000000|S:0.48000000|Sn:0.04000000,2,-2.4001169279263124,-2.4137190076388886,0.0542185072752631,0.14016636531280263,0.01360207971257621,False,True
1dm,Al:0.03225806|Ge:0.07526882|Li:0.08602151|O:0.64516129|P:0.16129032,5,-3.5466816599529625,-3.9062517408117987,0.08809281467321271,0.5274883440701047,0.35957008085883624,False,False
1e9,Li:0.42857143|S:0.42857143|Sb:0.14285714,2,-9.0,-5.599464445596967,0.2533279609727409,4.208930716944331,3.4005355544030333,False,True
1hh,Ge:0.04000000|Li:0.40000000|P:0.08000000|S:0.48000000,1,-1.9208187539523751,-2.109758562023112,0.07786045371528107,0.7645510540774337,0.18893980807073674,False,True
1kq,Br:0.07692308|Li:0.46153846|P:0.07692308|S:0.33076923|Se:0.05384615,5,-2.5214335044061564,-2.560273019112668,0.07525398912955913,0.32865845776786096,0.03883951470651148,False,True
1m8,Ge:0.05797101|I:0.07246377|Li:0.49275362|P:0.01449275|S:0.36231884,3,-2.58838029403677,-2.664334254638699,0.15319436009504941,0.5322306704252207,0.07595396060192927,False,True
1pw,Al:0.01226994|F:0.01226994|La:0.11451943|Li:0.06748466|O:0.60122699|Ti:0.19222904,5,-3.9746941347352296,-3.2985461787347172,0.03697145645211722,0.06311245517097895,0.6761479560005124,False,False
1sz,Al:0.00613497|F:0.00613497|La:0.11451943|Li:0.06748466|O:0.60736196|Ti:0.19836401,4,-3.032452023781138,-3.096271335003072,0.06626379326041294,0.07725667593469172,0.06381931122193407,False,False
1wm,Li:0.06593407|O:0.65934066|P:0.16483516|Sc:0.01098901|Ti:0.09890110,4,-3.161150909262745,-3.551891304274061,0.051683197888771217,0.2321629831089025,0.3907403950113162,False,False
1xf,Al:0.02702703|Ge:0.08108108|Li:0.08108108|O:0.64864865|P:0.16216216,5,-3.473660722610156,-3.9507295127332878,0.08462360683536763,0.4807590500250901,0.47706879012313186,False,False
1xt,Li:0.25000000|O:0.50000000|Sb:0.25000000,3,-10.0,-8.2036324221099,0.1607521617996937,6.953324958953067,1.7963675778901003,True,False
20k,La:0.08695652|Li:0.26086957|Nb:0.08695652|O:0.52173913|Sr:0.04347826,1,-5.432973633840939,-5.416182481956359,0.1223149119932785,2.765555694642959,0.016791151884580025,False,False
21m,Hf:0.10497238|Li:0.06077348|Lu:0.00552486|O:0.66298343|P:0.16574586,2,-4.230622673923862,-4.466610185798053,0.04515152021436254,0.6931557312501277,0.23598751187419076,False,False
240,Ge:0.07692308|Li:0.61538462|P:0.30769231,1,-4.0655015487564325,-4.555402897391419,0.22972745709229273,6.598209641762122,0.48990134863498636,False,False
2eq,In:0.01639344|Li:0.07103825|O:0.65573770|P:0.16393443|Ti:0.09289617,2,-3.4056074496245734,-3.718570540478741,0.06934318196132613,0.6224331247915563,0.3129630908541676,False,False
2mn,La:0.12500000|Li:0.29166667|O:0.50000000|Zr:0.08333333,2,-3.291579099865287,-4.781446531923213,0.17712180772604996,1.2890323578287624,1.4898674320579257,False,False
2ro,Li:0.33333333|P:0.16666667|S:0.50000000,5,-9.795880017344075,-5.643462489950499,0.23330690783808086,1.6892709810269266,4.152417527393576,False,True
2t8,F:0.12500000|Li:0.12500000|O:0.50000000|P:0.12500000|V:0.12500000,1,-6.0915149811213505,-6.43795921850827,0.21975553639566836,5.798828599279312,0.3464442373869199,False,False
2wb,La:0.12711864|Li:0.27966102|O:0.50847458|Ta:0.01694915|Zr:0.06779661,4,-3.3279021420642825,-3.252148290363237,0.02329519108975247,0.174307851528622,0.07575385170104543,False,False
31s,Ge:0.09090909|Li:0.43181818|O:0.45454545|V:0.02272727,5,-5.567030709125595,-5.8225983807592625,0.1294962438771163,1.1624067889192768,0.2555676716336679,False,False
3k7,Al:0.00408998|F:0.00408998|La:0.11451943|Li:0.06748466|O:0.60940695|Ti:0.20040900,5,-2.9746941347352296,-3.1621532365466303,0.06623383774787411,0.08392944693098084,0.18745910181140069,False,False
3nb,Ce:0.04166667|Li:0.08333333|Mo:0.16666667|O:0.66666667|Sm:0.04166667,2,-9.744727494896694,-8.564626760114912,0.16113089688559024,4.1906158451147375,1.1801007347817816,False,False
3o4,Ga:0.01063830|La:0.12765957|Li:0.26595745|O:0.51063830|Zr:0.08510638,5,-3.4559319556497243,-3.543309157385791,0.06187075038540409,2.01106568815384,0.08737720173606656,False,False
3qz,La:0.12500000|Li:0.29166667|O:0.50000000|Zr:0.08333333,2,-3.9208187539523753,-4.781446531923213,0.17712180772604996,1.2890323578287624,0.8606277779708376,False,False
3rx,Li:0.14285714|Nd:0.14285714|O:0.57142857|Ti:0.14285714,5,-10.0,-7.338398165297903,0.22089313431990187,3.7574252849574856,2.661601834702097,True,False
3sx,Li:0.40476190|P:0.07142857|S:0.47619048|Si:0.04761905,1,-2.3757179041643317,-2.4758994092831417,0.08330287828828066,0.10851751192876868,0.10018150511880997,False,True
3ta,Ga:0.01639344|Li:0.07103825|O:0.65573770|P:0.16393443|Ti:0.09289617,2,-3.583359492661719,-3.4908082706433254,0.055974536228968357,0.7809693106857345,0.09255122201839372,False,False
3tt,Al:0.00819672|Li:0.07103825|O:0.65573770|P:0.16393443|Ti:0.09289617|Y:0.00819672,2,-4.721246399047171,-3.657912694329951,0.070046606857289,1.5968576488571422,1.0633337047172202,False,False
3uq,Al:0.01639344|Ge:0.09289617|Li:0.07103825|O:0.65573770|P:0.16393443,1,-4.084072788302884,-4.174910392932875,0.09153027885350118,0.36119279648764924,0.09083760462999102,False,False
3vi,Ba:0.06382979|La:0.06382979|Li:0.27659574|O:0.51063830|Ta:0.08510638,1,-4.511449283499556,-4.519450209600451,0.052593965255834305,0.4400430149635527,0.008000926100894645,False,False
3we,Li:0.06952965|Nd:0.11247444|O:0.61349693|Ti:0.20449898,2,-7.096910013008056,-6.103129002959261,0.07498793996569411,3.489998097501206,0.9937810100487949,False,False
3zo,Br:0.07561437|Li:0.47069943|P:0.05860113|S:0.37807183|Si:0.01701323,4,-2.96657624451305,-2.91997644774553,0.025177255707952387,0.05471277850015423,0.04659979676752002,False,True
419,La:0.13452915|Li:0.23766816|O:0.53811659|Sm:0.00672646|Ta:0.08295964,2,-5.148130399270234,-4.716584990580704,0.06452223332935941,1.4705059749187144,0.43154540868953006,False,False
45e,Br:0.57142857|Li:0.28571429|Mg:0.14285714,1,-9.10790539730952,-7.302642043064654,0.287657919871885,20.40171680062324,1.8052633542448655,False,False
472,F:0.03448276|Li:0.24137931|N:0.32758621|Nd:0.08620690|O:0.12068966|Si:0.18965517,5,-9.769551078621726,-6.197112240821368,0.24788713394498404,12.644864130381215,3.572438837800358,False,False
47i,Li:0.30769231|O:0.53846154|P:0.15384615,2,-10.0,-13.45477226458177,0.35350350406680264,2.690561844163003,3.45477226458177,True,False
4ba,Ge:0.11111111|Li:0.05555556|O:0.66666667|P:0.16666667,3,-6.47755576649368,-6.337359228099903,0.2199446322905485,1.580789123035533,0.1401965383937771,False,False
4ea,Li:0.05555556|O:0.66666667|P:0.16666667|Sn:0.08888889|Ti:0.02222222,5,-5.501689446210399,-6.151040015001794,0.22260490325939278,1.9198238516258688,0.6493505687913945,False,False
4k1,Hf:0.10497238|Li:0.06077348|O:0.66298343|P:0.16574586|Sc:0.00552486,4,-4.610833915635467,-4.511762570167221,0.07280645986715897,0.7082866828692296,0.09907134546824636,False,False
4kt,Cl:0.57142857|Cr:0.14285714|Li:0.28571429,2,-10.0,-5.488254495341775,0.2179144316726838,5.285987136246117,4.511745504658225,True,False
4t5,Cr:0.05555556|Li:0.05555556|O:0.66666667|P:0.16666667|Sb:0.05555556,2,-9.447331783887806,-5.271889971617104,0.16933411984592456,2.5254563197907514,4.175441812270702,False,False
4uu,Ga:0.00856531|La:0.12847966|Li:0.26338330|O:0.51391863|Ta:0.01070664|Zr:0.07494647,5,-3.3872161432802645,-3.5775800862524236,0.08983886733366438,3.9449703967404006,0.19036394297215908,False,False
4vd,La:0.12631579|Li:0.28421053|O:0.50526316|Ta:0.01052632|Zr:0.07368421,2,-3.2006594505464183,-3.242551931471256,0.024515486862763388,0.15600189712534446,0.04189248092483755,False,False
50s,Al:0.02173913|Li:0.07608696|O:0.65217391|P:0.16304348|Ti:0.08695652,3,-2.4814860601221125,-3.1415062445475526,0.1050599604747291,0.16885238083311055,0.6600201844254401,False,False
52b,Ge:0.04191617|Li:0.40119760|P:0.07784431|S:0.47904192,1,-1.9136401693252518,-2.0456089478999355,0.07910039278789777,0.722424896627861,0.1319687785746837,False,True
544,Ba:0.04347826|La:0.08695652|Li:0.26086957|O:0.52173913|Ta:0.08695652,2,-4.3979400086720375,-4.964964581780063,0.073917310404982,0.6147394231201015,0.5670245731080259,False,False
5bz,B:0.16666667|Li:0.50000000|N:0.33333333,1,-7.060480747381382,-6.99277748263167,0.4613694766664973,9.250354970391365,0.06770326474971178,False,False
5e2,Li:0.41860465|P:0.04651163|S:0.46511628|Si:0.06976744,4,-4.1432711096171175,-3.3403368725149902,0.16499720406119944,0.3191280033963455,0.8029342371021273,False,True
5gj,Ge:0.00763359|I:0.07633588|Li:0.46564885|P:0.06870229|S:0.38167939,2,-5.052566278112949,-4.264878993512584,0.17316835905519654,0.3177058839187269,0.7876872846003655,False,True
5qw,Ge:0.02985075|I:0.07462687|Li:0.47761194|P:0.04477612|S:0.37313433,4,-2.8239087409443187,-3.2159444422092904,0.07697824457195024,0.28822735462412596,0.3920357012649718,False,True
5tl,La:0.13025210|Li:0.02941176|O:0.63025210|Ti:0.21008403,3,-3.354577730650908,-3.4353114184571565,0.09661864513558609,0.9632667245522679,0.08073368780624834,False,False
5u3,In:0.01098901|Li:0.06593407|O:0.65934066|P:0.16483516|Ti:0.09890110,5,-3.408935392973501,-3.6052240206679795,0.07004677632660479,0.7240185777349994,0.19628862769447863,False,False
5wz,I:0.07692308|Li:0.46153846|P:0.07692308|S:0.38461538,2,-5.8996294548824375,-4.918267084457839,0.20833951913537796,1.425783347777387,0.9813623704245984,False,True
5xk,La:0.12684989|Li:0.28118393|O:0.50739958|Ta:0.01479915|Zr:0.06976744,4,-3.337242168318426,-3.2475369409278216,0.019064136437589096,0.1926514915974998,0.08970522739060449,False,False
5z0,Al:0.10000000|Li:0.50000000|O:0.40000000,1,-9.301029995663981,-8.512345894851604,0.2548461165879428,6.972028966666896,0.788684100812377,False,False
5z8,Al:0.01143863|La:0.13198416|Li:0.25164980|O:0.52793665|W:0.01099868|Zr:0.06599208,5,-3.309803919971486,-3.784490095693937,0.12110567942975316,3.6211605032893814,0.474686175722451,False,False
5zv,Li:0.26666667|O:0.53333333|P:0.13333333|Zn:0.06666667,3,-17.255707016877324,-10.650660561782884,0.26016662165291354,3.3747484879573277,6.60504645509444,False,False
66a,La:0.12631579|Li:0.28421053|Nb:0.01052632|O:0.50526316|Zr:0.07368421,3,-3.0969100130080562,-3.7730159379500683,0.06213001901350174,0.8877513011805569,0.676105924942012,False,False
68u,La:0.13636364|Li:0.22727273|Nb:0.09090909|O:0.54545455,1,-5.096910013008056,-5.744452268915541,0.09100317823965044,0.7417585166045715,0.647542255907485,False,False
6du,Li:0.18103910|Mg:0.01428316|O:0.57132655|Ti:0.23335119,5,-7.761953896871205,-8.317363832581416,0.15158470400337803,0.360160321618323,0.5554099357102107,False,False
6he,Cr:0.00552486|Li:0.06077348|O:0.66298343|P:0.16574586|Ti:0.10497238,5,-3.5850266520291822,-3.6693895452860357,0.06426705751036393,0.2876135483779453,0.08436289325685342,False,False
6hq,La:0.13043478|Li:0.26086957|O:0.52173913|Ta:0.04347826|Zr:0.04347826,2,-3.4559319556497243,-4.184040861278766,0.09610231563857367,0.7935518498286497,0.7281089056290417,False,False
6j9,Fe:0.00826446|Li:0.06336088|O:0.66115702|P:0.16528926|Ti:0.10192837,5,-3.282329496997738,-3.3993337367097536,0.061276906813773756,0.7197504138890125,0.11700423971201568,False,False
6jf,Br:0.07692308|Li:0.46153846|P:0.07692308|S:0.38461538,3,-2.939302159646388,-3.155953224805969,0.08299091793245161,0.8484548841462111,0.216651065159581,False,True
6l9,B:0.29166667|Cl:0.04166667|Li:0.16666667|O:0.50000000,5,-5.698970004336019,-9.271323740279144,0.3120649792444769,6.02910908034218,3.5723537359431248,False,False
6st,Fe:0.01098901|Li:0.06593407|O:0.65934066|P:0.16483516|Ti:0.09890110,1,-3.744727494896694,-3.4960788138698464,0.05392015030765081,1.257631471585318,0.24864868102684756,False,False
6xc,Hf:0.10497238|In:0.00552486|Li:0.06077348|O:0.66298343|P:0.16574586,3,-4.289882634888183,-5.121604585119069,0.15488142114607056,0.9325663397429509,0.8317219502308859,False,False
72f,Al:0.01021277|La:0.12765957|Li:0.26638298|O:0.51063830|Zr:0.08510638,1,-3.677780705266081,-3.496609588302756,0.07788314309007079,1.911535795909772,0.18117111696332477,False,False
7e5,La:0.13829787|Li:0.01063830|Mg:0.10638298|O:0.63829787|W:0.10638298,1,-6.7447274948966935,-5.3990164671505445,0.12180925033494579,2.958770262911167,1.345711027746149,False,False
7ek,Ge:0.09770115|Li:0.42528736|O:0.45977011|W:0.01724138,5,-4.42021640338319,-6.054678586089351,0.21411326855166493,6.096504209946072,1.6344621827061614,False,False
7gm,Ba:0.00851064|La:0.11914894|Li:0.27659574|O:0.51063830|Ta:0.02978723|Zr:0.05531915,5,-3.1999706407558657,-3.9810585579217324,0.08747331818901526,1.9263772499291982,0.7810879171658667,False,False
7iw,Ba:0.02040816|Ge:0.04081633|Li:0.36734694|P:0.08163265|S:0.48979592,1,-4.000869458712629,-4.170783850948421,0.13706973698673575,2.8119434033710293,0.16991439223579263,False,True
7kf,Al:0.01612903|Li:0.09139785|O:0.64516129|P:0.16129032|Ti:0.08602151,1,-2.9136401693252516,-3.9120207940952025,0.14608727374442906,0.40131447450920454,0.9983806247699509,False,False
7o7,Ba:0.04347826|La:0.08695652|Li:0.26086957|O:0.52173913|Ta:0.08695652,2,-4.530177984021837,-4.964964581780063,0.073917310404982,0.6147394231201015,0.4347865977582268,False,False
7se,Li:0.43181818|P:0.02272727|S:0.45454545|Si:0.09090909,1,-6.090979145788844,-3.949763437290384,0.16187333235968202,0.5809401299622268,2.14121570849846,False,True
7tu,Li:0.40476190|P:0.07142857|S:0.47619048|Si:0.03809524|Sn:0.00952381,2,-2.106793246940152,-2.062064054721816,0.07087623803353683,1.0114931048388862,0.044729192218336156,False,True
7w5,La:0.12631579|Li:0.28421053|O:0.50526316|Ta:0.01052632|Zr:0.07368421,2,-3.0604807473813813,-3.242551931471256,0.024515486862763388,0.15600189712534446,0.18207118408987455,False,False
824,Ge:0.05325444|Li:0.40828402|P:0.06508876|S:0.47337278,3,-1.8416375079047504,-1.9663253368982603,0.060342208184479086,0.21408029578783488,0.12468782899350983,False,True
86k,Ca:0.08695652|Li:0.04347826|O:0.65217391|Ta:0.21739130,3,-8.452225294612177,-6.5650647315909625,0.26320555502005744,4.208473335414864,1.8871605630212143,False,False
883,Al:0.16666667|H:0.66666667|Li:0.16666667,5,-8.060480747381382,-6.537207254026315,0.1446046651742519,16.729964061332065,1.5232734933550667,False,False
8ee,Al:0.00812313|La:0.12825994|Li:0.27362121|O:0.50448910|Zr:0.08550663,2,-3.5086383061657274,-3.531704458245594,0.08357713049838886,2.54834941879437,0.02306615207986651,False,False
8fn,Al:0.04255319|Ge:0.06382979|Li:0.09574468|O:0.63829787|P:0.15957447,2,-3.8632794328435933,-4.253112866538408,0.19227905548303814,0.5146577932982088,0.3898334336948146,False,False
8jy,In:0.02702703|Li:0.08108108|O:0.64864865|P:0.16216216|Ti:0.08108108,2,-3.6903698325741012,-4.114917862701651,0.08166332364378344,0.6315547264643936,0.4245480301275495,False,False
8k7,La:0.13636364|Li:0.22727273|O:0.54545455|Ta:0.09090909,3,-5.812479279163537,-4.70627283036966,0.15766012032077537,2.005686702670094,1.106206448793877,False,False
8m3,La:0.13636364|Li:0.22727273|Nb:0.08409091|O:0.54545455|Y:0.00681818,1,-5.243363891754152,-4.934710368405421,0.036546507627312846,0.22761776472200723,0.3086535233487311,False,False
8nc,Li:0.40652819|P:0.06824926|S:0.47477745|Si:0.05044510,2,-2.2479515521805613,-2.4680783560833226,0.08625678491474449,0.06071189091264149,0.2201268039027613,False,True
8po,Ge:0.04761905|Li:0.40476190|P:0.07142857|S:0.47619048,2,-1.8794260687941502,-2.1080112622624387,0.0540440301633157,0.17248766261583479,0.22858519346828854,False,True
8ub,Li:0.41176471|P:0.05882353|S:0.47058824|Si:0.04705882|Sn:0.01176471,3,-2.0560111249262283,-2.0853398235190577,0.08089201430033739,0.6719137118330938,0.029328698592829383,False,True
8y4,La:0.12182203|Li:0.27966102|O:0.50847458|Ta:0.01694915|Y:0.00529661|Zr:0.06779661,2,-3.4989407377822483,-3.2747882983922283,0.03152772269701598,0.43471029885160545,0.22415243939002005,False,False
906,Ba:0.00401606|Ge:0.04016064|Li:0.39357430|P:0.08032129|S:0.48192771,3,-3.251037138743839,-2.8832326903192835,0.0970650704364182,2.582829445425078,0.3678044484245553,False,True
95j,Al:0.10000000|H:0.60000000|Li:0.30000000,3,-6.853871964321762,-7.561021039303089,0.1262300855649754,17.763628558166975,0.7071490749813272,False,False
96f,Br:0.07692308|Li:0.46153846|P:0.07692308|S:0.33846154|Se:0.04615385,1,-2.555955204081924,-2.561874542129454,0.07545365598212816,0.33435766117255267,0.00591933804753042,False,True
97b,Li:0.23076923|O:0.51282051|Sc:0.23076923|Zr:0.02564103,3,-10.0,-7.1320557266467794,0.2685717913296452,2.8538594809124342,2.8679442733532206,True,False
97p,Cl:0.07692308|Li:0.46153846|P:0.07692308|S:0.38461538,4,-4.481486060122113,-4.739898246330769,0.25821827641029765,5.044581376495368,0.25841218620865636,False,True
9ky,Li:0.05555556|O:0.66666667|P:0.16666667|Sn:0.07777778|Ti:0.03333333,1,-5.025949097207123,-5.990797758472479,0.15266301103835325,1.7252310366041468,0.9648486612653562,False,False
9l3,Hf:0.09289617|In:0.01639344|Li:0.07103825|O:0.65573770|P:0.16393443,1,-3.8477116556169433,-4.787127784770461,0.08149264334154217,1.0935143192288777,0.9394161291535177,False,False
9lo,Li:0.37500000|O:0.50000000|P:0.12500000,1,-12.756961951313706,-10.079709890983217,0.2424927923192855,3.6350387409443483,2.6772520603304883,False,False
9lx,Li:0.40000000|P:0.08000000|S:0.48000000|Sn:0.04000000,2,-2.154901959985743,-2.4137190076388886,0.0542185072752631,0.14016636531280263,0.2588170476531455,False,True
9p1,La:0.12500000|Li:0.29166667|O:0.50000000|Zr:0.08333333,2,-3.2448877336049287,-4.781446531923213,0.17712180772604996,1.2890323578287655,1.5365587983182842,False,False
9ph,Co:0.02057613|La:0.13786008|Li:0.03909465|O:0.61728395|Ti:0.18518519,4,-3.96657624451305,-3.2591531203834547,0.2304188861247308,6.624961251150582,0.7074231241295954,False,False
9rc,Ge:0.03100000|Li:0.40000000|P:0.08000000|S:0.48000000|Sn:0.00900000,5,-1.85078088734462,-2.0827406533645774,0.04577868403041977,0.6113750806181123,0.23195976601995727,False,True
9s4,Al:0.01639344|Li:0.07103825|O:0.65573770|P:0.16393443|Ti:0.09289617,5,-3.141462802430361,-2.850004207746557,0.04974069280821373,0.16397944690324465,0.291458594683804,False,False
9wf,Er:0.10000000|I:0.60000000|Li:0.30000000,1,-3.1870866433571443,-7.150421709952777,0.5100224502314085,26.739708390106102,3.963335066595633,False,False
9yt,Br:0.05769231|Cl:0.01923077|Li:0.46153846|P:0.07692308|S:0.38461538,5,-2.7304870557820835,-2.8102595820549374,0.08481895597906497,0.9171624957660965,0.07977252627285392,False,True
9z8,In:0.05263158|Li:0.10526316|O:0.63157895|P:0.15789474|Zr:0.05263158,4,-7.0851281824599495,-6.668437399408302,0.21346703654883029,1.1002014949747874,0.41669078305164753,False,False
9zk,Ga:0.10000000|Li:0.50000000|O:0.40000000,1,-8.301029995663981,-9.134851950759241,0.3327904926330368,5.875573269877938,0.8338219550952601,False,False
9zr,Br:0.07692308|Li:0.46153846|P:0.07692308|S:0.38461538,3,-3.1542819820333414,-3.155953224805969,0.08299091793245161,0.8484548841462111,0.0016712427726277568,False,True
a3e,Hf:0.05263158|In:0.05263158|Li:0.10526316|O:0.63157895|P:0.15789474,2,-7.562249437179612,-6.064398016237667,0.21239642930559263,1.9217507216385463,1.4978514209419451,False,False
a3l,Hf:0.11111111|Li:0.05555556|O:0.66666667|P:0.16666667,5,-6.54821356447571,-6.6289593089827985,0.10189605729774522,0.7478117552543742,0.08074574450708827,False,False
a8v,Br:0.07677543|Li:0.46257198|P:0.07485605|S:0.38387716|Si:0.00191939,1,-3.0565054840938974,-2.9506138157859945,0.07507406565939673,0.10550738767608059,0.10589166830790298,False,True
aax,Ba:0.01123596|La:0.12359551|Li:0.23595506|O:0.53932584|Ta:0.08988764,5,-5.130181792020672,-4.9422625572069006,0.07063565120827707,0.7435848035242809,0.18791923481377104,False,False
ag1,Al:0.01639344|Ge:0.09289617|Li:0.07103825|O:0.65573770|P:0.16393443,1,-4.4089353929735005,-4.174910392932875,0.09153027885350118,0.36119279648764924,0.2340250000406252,False,False
an2,Cl:0.15384615|Li:0.46153846|O:0.30769231|Si:0.07692308,1,-10.0,-6.235009286989959,0.2432838609654855,5.237874044333386,3.7649907130100413,False,False
aui,Co:0.07142857|Ge:0.21428571|Li:0.14285714|O:0.57142857,1,-10.0,-8.947630211990885,0.21599327756044392,8.345841694427145,1.0523697880091145,True,False
b4c,Li:0.44444444|S:0.44444444|Si:0.11111111,4,-7.798602875679548,-7.4814576283294105,0.22392926338263464,2.1724497054213914,0.3171452473501377,False,True
b7v,Bi:0.09090909|La:0.13636364|Li:0.22727273|O:0.54545455,3,-4.657577319177793,-5.312733737220598,0.1342720354447129,5.637592935380956,0.6551564180428047,False,False
b9u,Fe:0.01639344|Li:0.07103825|O:0.65573770|P:0.16393443|Ti:0.09289617,4,-2.638272163982407,-3.586222570395757,0.05991282399873478,1.3046337332690716,0.9479504064133502,False,False
be9,Br:0.66666667|Ga:0.16666667|Li:0.16666667,4,-5.154901959985743,-6.61822066875266,0.2609229903397501,16.343903214373675,1.4633187087669173,False,False
bi3,La:0.08695652|Li:0.26086957|O:0.52173913|Sb:0.08695652|Sr:0.04347826,4,-5.200659450546418,-5.274182630794288,0.14316180029860626,4.325266845705608,0.07352318024786975,False,False
bim,Li:0.39393939|P:0.09090909|S:0.48484848|Sn:0.03030303,4,-2.4436974992327127,-2.3587573841855263,0.1062899791810473,0.09299521273961783,0.08494011504718646,False,True
bjw,Cl:0.57142857|Li:0.28571429|Mn:0.14285714,5,-5.319664486585437,-7.451278644814026,0.17742851531346698,3.95489448685392,2.1316141582285884,False,False
bnh,Br:0.07604563|Li:0.46387833|P:0.07224335|S:0.38022814|Si:0.00760456,4,-3.097453220686009,-2.952406182058226,0.04059930523574686,0.05732669965780113,0.14504703862778268,False,True
bq9,Bi:0.14285714|Li:0.42857143|O:0.42857143,3,-9.619788758288394,-7.513138607145545,0.28443445002511003,7.004153466924388,2.1066501511428486,False,False
bqx,Li:0.15000000|Nd:0.15000000|O:0.60000000|Te:0.10000000,5,-10.0,-7.678704809164535,0.23949403443373068,6.253443923405471,2.321295190835465,True,False
bsa,Ga:0.25000000|Li:0.25000000|O:0.50000000,3,-13.619788758288394,-8.650172963198369,0.3299341927093949,5.514263684406555,4.969615795090025,False,False
bt0,Ba:0.00212766|La:0.12553191|Li:0.27659574|O:0.51063830|Ta:0.02340426|Zr:0.06170213,5,-3.079876673709276,-3.560657352007799,0.06969593128221843,2.1110364241445785,0.4807806782985229,False,False
bv2,Li:0.25000000|O:0.50000000|Y:0.25000000,5,-7.7447274948966935,-7.349081640200723,0.2635027046930053,2.4842418765539485,0.3956458546959709,False,False
bw3,Al:0.01431493|F:0.01431493|La:0.11451943|Li:0.06748466|O:0.59918200|Ti:0.19018405,1,-3.1904402853647325,-3.5318877328845044,0.04469112375264979,0.07635699998339304,0.34144744751977196,False,False
c0g,La:0.13333333|Li:0.24444444|O:0.53333333|Sm:0.01111111|Ta:0.07777778,3,-5.286509456906058,-4.799644026040694,0.0955126341548003,1.364568628322121,0.4868654308653637,False,False
c6e,Br:0.07692308|Li:0.46153846|P:0.07692308|S:0.32307692|Se:0.06153846,3,-2.4584207560534193,-2.575634578549749,0.07431971166590294,0.33944460056566594,0.11721382249632972,False,True
c6h,Fe:0.05263158|Li:0.10526316|O:0.63157895|P:0.15789474|Ti:0.05263158,2,-6.476253533188435,-5.12077237018911,0.2201414826593296,4.212979209935659,1.3554811629993253,False,False
c71,Ba:0.01276596|La:0.11489362|Li:0.27659574|O:0.51063830|Ta:0.03404255|Zr:0.05106383,5,-3.3080348972326394,-4.049596073062047,0.10625973222154135,1.8277992939933523,0.7415611758294078,False,False
cdk,Li:0.33333333|N:0.16666667|O:0.33333333|P:0.16666667,4,-10.0,-10.42076725302738,0.36804129901348154,6.680707969976867,0.42076725302738005,True,False
ci1,Li:0.05555556|O:0.66666667|P:0.16666667|Ti:0.01111111|Zr:0.10000000,5,-7.251811972993799,-7.065496692444136,0.18329713269299014,1.174339314875662,0.18631528054966306,False,False
cjq,La:0.08695652|Li:0.26086957|Nb:0.08695652|O:0.52173913|Sr:0.04347826,1,-5.376750709602099,-5.416182481956359,0.1223149119932785,2.7655556946429583,0.0394317723542601,False,False
cju,Br:0.07692308|Li:0.46153846|P:0.07692308|S:0.35384615|Se:0.03076923,4,-2.438898616350944,-2.618091783500776,0.07960961172573026,0.3334896797531476,0.1791931671498319,False,True
ckw,F:0.07476636|Li:0.09345794|Nb:0.18691589|O:0.56074766|Sr:0.08411215,5,-10.0,-9.89871425141355,0.12471163304331868,4.348394697235871,0.10128574858645045,True,False
clt,B:0.19047619|Cu:0.04761905|Li:0.28571429|O:0.47619048,4,-13.0,-7.838080419156142,0.39372972492743413,4.399881595617941,5.161919580843858,False,False
coh,Al:0.01022495|F:0.01022495|La:0.11451943|Li:0.06748466|O:0.60327198|Ti:0.19427403,3,-3.75448733218585,-3.2438189913736704,0.053400389212058315,0.06534292106348505,0.5106683408121797,False,False
coi,Ba:0.05376344|La:0.07526882|Li:0.26881720|O:0.51612903|Ta:0.08602151,5,-4.30189945437661,-4.688582617044693,0.07735899393424346,0.27648524569093796,0.3866831626680831,False,False
ctg,La:0.01639344|Li:0.07103825|O:0.65573770|P:0.16393443|Ti:0.09289617,1,-3.277366077466188,-4.216589802684132,0.10145679109682752,1.857995688695168,0.9392237252179445,False,False
cy2,La:0.13559322|Li:0.01694915|O:0.63559322|Ti:0.21186441,4,-3.474955192963155,-3.9124974405469475,0.17690130153300204,1.2201771848684633,0.4375422475837927,False,False
czo,Al:0.00546448|Li:0.07103825|O:0.65573770|P:0.16393443|Sc:0.01092896|Ti:0.09289617,2,-3.3675427078152755,-3.2099528837240427,0.05999445222234748,0.7830717400680562,0.1575898240912328,False,False
d4q,Cr:0.00277008|Li:0.05817175|O:0.66481994|P:0.16620499|Ti:0.10803324,4,-3.744727494896694,-5.11912246599608,0.19451008799490413,0.5548658489729086,1.374394971099386,False,False
d6b,Cr:0.02702703|Li:0.08108108|O:0.64864865|P:0.16216216|Ti:0.08108108,4,-3.413412695328245,-4.263375088012315,0.20846783867538368,0.9286501586468535,0.8499623926840698,False,False
d6f,Al:0.00623960|La:0.12479201|Li:0.29118136|O:0.49916805|Zr:0.07861897,2,-3.4685210829577446,-3.517115584278857,0.1451262700411857,2.6336072510344386,0.048594501321112205,False,False
d7f,Bi:0.12500000|Li:0.37500000|O:0.50000000,5,-9.387216143280265,-9.404203920096734,0.382739643231855,6.669759067265694,0.016987776816469236,False,False
d9l,Br:0.07692308|Li:0.46153846|P:0.07692308|S:0.34615385|Se:0.03846154,3,-2.571865205971211,-2.591360118661567,0.08209376152491632,0.3406916793866376,0.01949491269035608,False,True
dae,La:0.12987013|Li:0.26406926|O:0.51948052|Sm:0.02380952|Ta:0.06277056,4,-4.853871964321762,-4.471733808379896,0.107530322871773,1.6535783089666425,0.38213815594186595,False,False
dbs,La:0.12765957|Li:0.27659574|O:0.51063830|Ta:0.02127660|Zr:0.06382979,3,-3.1001794975729036,-3.2136764936795417,0.05267647387268759,0.20171714821627726,0.1134969961066381,False,False
dc8,F:0.08571429|Li:0.25714286|Mg:0.08571429|O:0.45714286|P:0.11428571,2,-10.0,-9.465469912462597,0.3284266776457593,5.703266300596578,0.5345300875374033,True,False
deu,Al:0.04255319|Ge:0.06382979|Li:0.46808511|S:0.42553191,4,-4.366531544420414,-5.825527291741773,0.1879863937942763,3.8363195294341708,1.4589957473213593,False,True
dj2,Li:0.40476190|P:0.07142857|S:0.47619048|Si:0.04761905,1,-3.1791420105603,-2.4758994092831417,0.08330287828828066,0.10851751192876868,0.7032426012771582,False,True
dku,Li:0.37500000|O:0.50000000|P:0.05000000|V:0.07500000,1,-12.449771646944907,-11.753368944662748,0.2596818430356195,1.7172330402770215,0.6964027022821586,False,False
dl7,Li:0.14285714|Mg:0.07142857|O:0.57142857|Ti:0.21428571,1,-10.0,-10.222383611783583,0.19103241014850622,0.26847099772194244,0.22238361178358268,True,False
dlj,Br:0.07692308|Li:0.46153846|P:0.07692308|S:0.30769231|Se:0.07692308,2,-2.4424927980943423,-2.8525902216734744,0.14948426624525826,0.48774010158453046,0.41009742357913215,False,True
dmq,Al:0.14285714|Li:0.42857143|S:0.42857143,1,-7.882728704344236,-7.827300348349577,0.10863842385178914,1.888670205188323,0.05542835599465867,False,True
dnt,Cr:0.05263158|Li:0.10526316|O:0.63157895|P:0.15789474|Ti:0.05263158,4,-6.355561410532162,-5.968575356337692,0.16315944416333514,1.6462482824100149,0.38698605419446963,False,False
do2,Li:0.07103825|O:0.65573770|P:0.16393443|Sc:0.01639344|Ti:0.09289617,1,-3.153044674980176,-3.540373348636748,0.05355288586989058,0.23339060717314974,0.387328673656572,False,False
dq4,Al:0.00546448|Li:0.07103825|O:0.65573770|P:0.16393443|Sc:0.01092896|Ti:0.09289617,2,-3.370590400897281,-3.2099528837240427,0.05999445222234748,0.7830717400680829,0.16063751717323838,False,False
dth,Ge:0.11111111|Li:0.44444444|O:0.44444444,4,-11.886056647693163,-6.530389532061008,0.16632687170041777,5.725325484911838,5.355667115632155,False,False
dti,Ba:0.00425532|La:0.12340426|Li:0.27659574|O:0.51063830|Ta:0.02553191|Zr:0.05957447,2,-3.078833949362261,-3.4255015991190607,0.14054449442337785,1.138881648133983,0.34666764975679953,False,False
dvn,Cl:0.57142857|Li:0.28571429|Mg:0.14285714,2,-6.204815410317576,-6.509011950440293,0.2387527793495876,6.807015799574826,0.30419654012271646,False,False
dvs,La:0.12468828|Li:0.29343308|O:0.49875312|Y:0.00249377|Zr:0.08063175,1,-3.0915149811213505,-3.658107712587529,0.057977945325593014,0.6140397732043003,0.5665927314661787,False,False
dx2,Fe:0.00552486|Hf:0.10497238|Li:0.06077348|O:0.66298343|P:0.16574586,5,-3.9706162223147903,-4.502678311571656,0.07341977684718219,6.3669856716489095,0.5320620892568657,False,False
e0z,La:0.02173913|Li:0.07608696|O:0.65217391|P:0.16304348|Ti:0.08695652,1,-3.3027706572402824,-4.140116152118865,0.13518848335053812,1.8962767140452168,0.8373454948785826,False,False
e6a,La:0.12658228|Li:0.28270042|O:0.50632911|Ta:0.01265823|Zr:0.07172996,1,-3.161150909262745,-3.2579143632741445,0.032290855127058704,0.13901327163254493,0.09676345401139974,False,False
e6b,Ge:0.11111111|Li:0.44444444|S:0.44444444,5,-6.698970004336019,-5.888491949505006,0.2503961084300557,3.5592715033835893,0.8104780548310124,False,True
e6e,Ge:0.02439024|Li:0.39024390|O:0.48780488|P:0.09756098,1,-5.943095148663527,-7.086515018181763,0.33271065461350063,2.2930238590568393,1.1434198695182358,False,False
e81,F:0.09009009|Li:0.09909910|O:0.54054054|Sr:0.09009009|Ta:0.17117117|Zr:0.00900901,1,-10.0,-9.134663173163226,0.2792551363993904,4.451778443490255,0.8653368268367743,True,False
ed4,Al:0.01098901|Ge:0.09890110|Li:0.06593407|O:0.65934066|P:0.16483516,5,-4.100179497572904,-5.138556399935251,0.14080427095750758,0.4929961215731785,1.038376902362347,False,False
efb,Ge:0.06976744|Li:0.41860465|O:0.46511628|P:0.04651163,5,-4.958607314841775,-5.594185685660587,0.1739300939570481,1.5277631192248766,0.6355783708188127,False,False
eij,Ge:0.04761905|Li:0.40476190|O:0.47619048|P:0.07142857,2,-5.346787486224656,-5.6268698329883495,0.24211377346423324,1.6997366179137856,0.2800823467636935,False,False
ek5,F:0.09090909|Li:0.09090909|Nb:0.18181818|O:0.54545455|Sr:0.09090909,1,-10.0,-9.515769470525463,0.1497387732339432,5.7166365521663165,0.48423052947453726,True,False
ete,Cl:0.01213592|Li:0.38592233|P:0.05825243|S:0.47330097|Si:0.07038835,1,-1.6020599913279623,-4.516873621479901,0.21292053119270885,5.519110002863934,2.9148136301519383,False,True
etz,La:0.12500000|Li:0.29166667|O:0.50000000|Zr:0.08333333,2,-5.705533773838407,-4.781446531923213,0.17712180772604996,1.2890323578287624,0.9240872419151938,False,False
ew5,Fe:0.01639344|Hf:0.09289617|Li:0.07103825|O:0.65573770|P:0.16393443,5,-4.267606240177032,-4.753025385556264,0.1213832160228058,7.918355223163911,0.4854191453792325,False,False
f0h,Ba:0.01626016|Ge:0.04065041|Li:0.37398374|P:0.08130081|S:0.48780488,3,-3.500312917381596,-3.703118431130525,0.078070142096937,2.543223698834633,0.20280551374892886,False,True
f4x,Cr:0.01098901|Li:0.06593407|O:0.65934066|P:0.16483516|Ti:0.09890110,3,-4.739928612014925,-3.5644975151633216,0.05955159484443078,0.2886580939090007,1.1754310968516033,False,False
f5n,Cl:0.20408163|F:0.02040816|H:0.18367347|Li:0.40816327|O:0.18367347,3,-4.413412695328245,-6.858398021070974,0.3424298706991679,12.49899832643415,2.4449853257427288,False,False
f7p,Al:0.01092896|Li:0.07103825|O:0.65573770|P:0.16393443|Ti:0.09289617|Y:0.00546448,5,-3.9208187539523753,-3.818572108118518,0.13213069043037984,1.304257007159125,0.10224664583385712,False,False
fam,La:0.13100437|Li:0.25764192|O:0.52401747|Sm:0.01965066|Ta:0.06768559,5,-4.928117992693875,-4.719552371388472,0.11202710588776525,1.4037886677539277,0.2085656213054028,False,False
ff9,La:0.10593220|Li:0.27966102|O:0.50847458|Ta:0.01694915|Y:0.02118644|Zr:0.06779661,3,-3.6458915608525992,-3.353259585222434,0.0481922319510398,0.4193754357396962,0.2926319756301652,False,False
fft,Li:0.75000000|N:0.25000000,3,-3.6808939406902237,-6.270468312605826,0.2331682281023297,9.898075871236228,2.589574371915602,False,False
fj5,Li:0.39393939|O:0.48484848|P:0.09090909|Si:0.03030303,3,-6.347753658996677,-9.136516081787606,0.22196777543582,2.422275823633433,2.7887624227909296,False,False
fkj,Br:0.07407407|Li:0.48148148|P:0.03703704|S:0.37037037|Si:0.03703704,1,-2.6595558851598815,-2.653088903835789,0.10219844025708295,0.24091412724403524,0.006466981324092291,False,True
fkt,La:0.01098901|Li:0.06593407|O:0.65934066|P:0.16483516|Ti:0.09890110,1,-3.277366077466188,-4.236100414052376,0.12664464719202068,1.833374929206291,0.958734336586188,False,False
fnu,Ba:0.00806452|Ge:0.04032258|Li:0.38709677|P:0.08064516|S:0.48387097,5,-3.2426039712069756,-3.100734915388647,0.0695464629876432,1.5255450211286727,0.14186905581832843,False,True
fwz,Li:0.33333333|S:0.50000000|Si:0.16666667,4,-5.698970004336019,-6.611821830497216,0.27445582053218565,3.5164385048152305,0.9128518261611971,False,True
g5g,Cr:0.05263158|Li:0.10526316|O:0.63157895|P:0.15789474|Zr:0.05263158,3,-6.228412519118745,-7.00307654603806,0.15150224581743077,2.10322782274629,0.7746640269193152,False,False
g5q,La:0.12765957|Li:0.27659574|O:0.51063830|Ta:0.02127660|Zr:0.06382979,3,-3.552841968657781,-3.2136764936795417,0.05267647387268759,0.20171714821627726,0.33916547497823935,False,False
g8j,Li:0.39467312|P:0.08958838|S:0.48426150|Sn:0.03147700,1,-2.343901797987168,-2.3880815966764644,0.046668088316559615,0.09803604144078688,0.044179798689296224,False,True
ga9,B:0.16666667|Ce:0.05555556|Cl:0.05555556|H:0.66666667|Li:0.05555556,1,-3.987162775294828,-6.521668306747174,0.3560730163894702,19.127450847457748,2.5345055314523464,False,False
gas,Co:0.02024291|La:0.12753036|Li:0.06275304|O:0.60728745|Ti:0.18218623,4,-3.5850266520291822,-3.303419380675001,0.21312199769755247,6.561831076873074,0.28160727135418107,False,False
gcj,Ca:0.04347826|La:0.08695652|Li:0.26086957|Nb:0.08695652|O:0.52173913,4,-5.876148359032914,-5.585253370848948,0.10438196691055868,2.200636056716342,0.2908949881839664,False,False
gdr,La:0.12931034|Li:0.26724138|O:0.51724138|Ta:0.03448276|Zr:0.05172414,4,-3.494850021680094,-3.7570978245528037,0.09317911075636985,0.44347389352339406,0.26224780287270955,False,False
gjy,Ga:0.02173913|Li:0.07608696|O:0.65217391|P:0.16304348|Ti:0.08695652,5,-3.8927900303521317,-3.479450589968459,0.06543640429058063,0.6884914041828114,0.41333944038367276,False,False
gkl,La:0.13636364|Li:0.22727273|Nb:0.09090909|O:0.54545455,1,-5.294136287716081,-5.744452268915541,0.09100317823965044,0.7417585166045715,0.45031598119946015,False,False
gl0,Al:0.02173913|Li:0.45652174|S:0.43478261|Si:0.08695652,2,-7.619788758288394,-7.498257746711045,0.10835231244991568,1.4654347955654146,0.12153101157734891,False,True
gnq,Hf:0.08695652|Li:0.07608696|Lu:0.02173913|O:0.65217391|P:0.16304348,3,-4.686132779630847,-4.574552869765916,0.15934248879836424,0.5149883811960934,0.11157990986493083,False,False
goi,C:0.21428571|Cl:0.07142857|H:0.50000000|Li:0.07142857|N:0.07142857|O:0.07142857,2,-3.795880017344075,-6.539051219664158,0.33522676912992716,17.32342213731652,2.7431712023200827,False,False
gvd,Li:0.75000000|N:0.25000000,3,-3.2390500485891027,-6.270468312605826,0.2331682281023297,9.898075871236228,3.031418264016723,False,False
gw2,Al:0.02173913|Ge:0.08695652|Li:0.07608696|O:0.65217391|P:0.16304348,3,-3.72584215073632,-3.920087744101702,0.06378529634737186,0.2494135057721313,0.19424559336538216,False,False
gxz,Li:0.26666667|O:0.53333333|P:0.13333333|Zn:0.06666667,3,-10.0,-10.650660561782884,0.26016662165291354,3.3747484879573277,0.6506605617828836,True,False
gyw,La:0.08695652|Li:0.26086957|O:0.52173913|Sr:0.04347826|Ta:0.08695652,5,-5.376750709602099,-5.020633036189936,0.05674884599627872,2.37305974718,0.3561176734121636,False,False
gz8,La:0.13636364|Li:0.22727273|O:0.54545455|Ta:0.09090909,3,-4.798602875679548,-4.70627283036966,0.15766012032077537,2.005686702670094,0.09233004530988786,False,False
gzp,Hf:0.09890110|Li:0.06593407|Lu:0.01098901|O:0.65934066|P:0.16483516,2,-4.009217308196862,-4.388722601990298,0.06875051536794524,0.5824704041281129,0.3795052937934358,False,False
h6c,Li:0.37500000|O:0.50000000|V:0.12500000,3,-13.036212172654444,-9.27726548011509,0.28897806182228614,3.2180651296112237,3.7589466925393538,False,False
h7r,Li:0.05555556|O:0.66666667|P:0.16666667|Sn:0.03333333|Ti:0.07777778,2,-4.642065152999546,-4.646980443414145,0.1588228145456865,1.7160428348906744,0.004915290414598594,False,False
h82,Br:0.01923077|I:0.05769231|Li:0.46153846|P:0.07692308|S:0.38461538,3,-5.3260580013659125,-4.168949279148674,0.17050896642181668,0.6592917623188129,1.157108722217238,False,True
h89,Ba:0.04347826|La:0.08695652|Li:0.26086957|O:0.52173913|Ta:0.08695652,2,-4.823908740944319,-4.964964581780063,0.073917310404982,0.6147394231200884,0.14105584083574474,False,False
h8a,Hf:0.09289617|Li:0.07103825|O:0.65573770|P:0.16393443|Sc:0.01639344,1,-4.079876673709276,-4.7728433026326345,0.1368172245273095,0.9120790427633075,0.692966628923358,False,False
h8o,Al:0.08163265|Li:0.48979592|S:0.40816327|Si:0.02040816,1,-6.640164517660112,-7.555410414975665,0.14584223681167963,0.996384090145322,0.9152458973155531,False,True
hai,Ca:0.04752376|Li:0.04902451|O:0.60030015|P:0.15007504|Pb:0.15307654,3,-10.0,-6.015511393410988,0.3492851579648294,8.241866789503668,3.9844886065890117,True,False
hbz,Br:0.07692308|Li:0.46153846|P:0.07692308|S:0.36923077|Se:0.01538462,3,-2.406713932979543,-2.6044964279455494,0.060218529613150336,0.44782810401801215,0.19778249496600653,False,True
hcm,La:0.13636364|Li:0.22727273|O:0.54545455|Ta:0.09090909,3,-4.468521082957745,-4.70627283036966,0.15766012032077537,2.005686702670094,0.23775174741191574,False,False
hd3,Ge:0.05882353|Li:0.41176471|P:0.05882353|S:0.47058824,2,-2.154901959985743,-2.334860354513332,0.07735830418066507,0.397856699047445,0.17995839452758888,False,True
hja,Ce:0.04166667|Li:0.08333333|Mo:0.16666667|O:0.66666667|Pr:0.04166667,4,-9.0,-8.560407832519312,0.13251895451540205,3.976688426767886,0.4395921674806882,False,False
hln,Ga:0.20000000|Ge:0.10000000|Li:0.10000000|S:0.60000000,4,-7.42021640338319,-6.374430635020669,0.28846325950935775,8.642808819180313,1.0457857683625207,False,True
hpu,Cr:0.05263158|Hf:0.05263158|Li:0.10526316|O:0.63157895|P:0.15789474,1,-7.376750709602099,-6.458564608097995,0.1773328740402172,2.881778408597474,0.9181861015041042,False,False
hta,La:0.11601643|Li:0.06262834|O:0.61601643|Ti:0.20533881,5,-3.0190880622231564,-4.336305387369468,0.1481980986432261,1.8167928855040245,1.317217325146312,False,False
hud,Ba:0.04347826|La:0.08695652|Li:0.26086957|O:0.52173913|Ta:0.08695652,2,-4.886056647693163,-4.964964581780063,0.073917310404982,0.6147394231200884,0.07890793408690033,False,False
hx7,Br:0.20000000|H:0.20000000|Li:0.40000000|O:0.20000000,1,-5.920818753952375,-5.940029450827201,0.2055361221755842,12.67048717809693,0.01921069687482646,False,False
hyj,Al:0.00552486|Li:0.06077348|O:0.66298343|P:0.16574586|Ti:0.10497238,5,-3.1739251972991736,-3.000107459721803,0.06430305188360871,0.21946172121849292,0.1738177375773704,False,False
hzf,Al:0.01092896|Li:0.07103825|O:0.65573770|P:0.16393443|Sc:0.00546448|Ti:0.09289617,2,-3.0123337350737254,-3.110349143405943,0.06597507393419709,0.7617604353626519,0.09801540833221756,False,False
i12,Co:0.07142857|Li:0.14285714|O:0.57142857|Ti:0.21428571,4,-10.0,-8.270248795747351,0.3000302520494291,7.317457937871822,1.7297512042526488,True,False
i6k,Li:0.07802875|O:0.60985626|Sm:0.10677618|Ti:0.20533881,3,-6.698970004336019,-6.413394361277211,0.16898086646787533,5.216572452816739,0.28557564305880767,False,False
i8k,In:0.01098901|Li:0.06593407|O:0.65934066|P:0.16483516|Ti:0.09890110,5,-4.0851281824599495,-3.6052240206679795,0.07004677632660479,0.7240185777349994,0.47990416179196993,False,False
ia5,La:0.09090909|Li:0.09090909|Nb:0.18181818|O:0.63636364,5,-8.0,-6.5978987298082385,0.17375269648087854,2.443521954258361,1.4021012701917615,True,False
ib2,Li:0.06077348|O:0.66298343|P:0.16574586|Sc:0.00552486|Ti:0.10497238,3,-3.8013429130455774,-3.5627144731012277,0.0763653492657605,0.2769020269615133,0.23862843994434968,False,False
ihb,Al:0.00204499|F:0.00204499|La:0.11451943|Li:0.06748466|O:0.61145194|Ti:0.20245399,4,-3.0087739243075053,-3.0795439700539147,0.10222142775866166,0.13325697836456274,0.07077004574640933,False,False
iiy,Br:0.07575758|Li:0.46969697|P:0.06060606|S:0.37878788|Si:0.01515152,2,-2.7721132953863266,-3.0709668970118016,0.04345726855028259,0.07909553400396574,0.29885360162547503,False,True
ij5,Br:0.03846154|Cl:0.03846154|Li:0.46153846|P:0.07692308|S:0.38461538,4,-2.4775557664936803,-2.8951645293553123,0.09572779635017169,1.076896098291209,0.41760876286163207,False,True
ijh,La:0.13636364|Li:0.22727273|Nb:0.08863636|O:0.54545455|Y:0.00227273,2,-4.872895201635193,-4.873928246126484,0.07201785823836476,0.1935094568373182,0.0010330444912911574,False,False
ik8,Ge:0.01660000|Li:0.40000000|P:0.08000000|S:0.48000000|Sn:0.02340000,1,-2.1290111862394245,-2.10726510001373,0.0502375160568636,0.4818659196505248,0.021746086225694405,False,True
ikh,Li:0.39024390|P:0.12195122|S:0.48780488,2,-2.9208187539523753,-4.7032584581250205,0.18610086860675792,1.1122126995648773,1.7824397041726452,False,True
iqt,Al:0.02173913|Li:0.07608696|O:0.65217391|P:0.16304348|Ti:0.08695652,3,-3.4111682744057927,-3.1415062445475526,0.1050599604747291,0.16885238083311055,0.26966202985824017,False,False
ish,Br:0.07590133|Li:0.46869070|P:0.06261860|S:0.37950664|Si:0.01328273,3,-3.0310503190186573,-2.90344976978951,0.022655296207410296,0.06122255352526205,0.1276005492291472,False,True
iwe,Li:0.07103825|O:0.65573770|P:0.16393443|Sc:0.01639344|Ti:0.09289617,1,-3.39040559077478,-3.540373348636748,0.05355288586989058,0.23339060717314974,0.14996775786196803,False,False
ix1,Hf:0.11274282|Li:0.05074821|O:0.66920718|P:0.16730179,4,-6.494850021680094,-6.581784623287792,0.09365971940897508,0.5817840104759228,0.08693460160769817,False,False
izs,Li:0.41002950|P:0.06194690|S:0.47197640|Si:0.05604720,5,-2.2781893847874533,-2.6801040734528727,0.09784791252002244,0.09542909364238882,0.40191468866541946,False,True
j8q,Ge:0.04000000|Li:0.40000000|P:0.08000000|S:0.48000000,1,-1.91721462968355,-2.109758562023112,0.07786045371528107,0.7645510540774337,0.1925439323395619,False,True
jce,Fe:0.05000000|Li:0.10000000|O:0.60000000|Sr:0.10000000|Ta:0.15000000,1,-4.0,-6.49189269891015,0.4202744434249193,12.660292222214528,2.49189269891015,False,False
jdk,Hf:0.09289617|Li:0.07103825|Lu:0.01639344|O:0.65573770|P:0.16393443,1,-4.448550002027125,-4.259997424779012,0.07565849491706489,0.4296839575617152,0.18855257724811292,False,False
jej,Ca:0.04347826|La:0.08695652|Li:0.26086957|O:0.52173913|Ta:0.08695652,3,-5.657577319177793,-5.11101193480446,0.1187111847150682,2.123303620370211,0.5465653843733334,False,False
jkq,Li:0.14214286|Mg:0.07214286|O:0.57142857|Ti:0.21428571,4,-10.8153085691824,-9.485395325432393,0.1397073503345678,0.7128148055919651,1.329913243750008,False,False
jl4,Li:0.15285714|Mg:0.05642857|O:0.57142857|Ti:0.21928571,2,-9.18309616062434,-9.424021992344917,0.11393588250203121,0.6290538675539651,0.24092583172057758,False,False
joc,Li:0.37500000|P:0.12500000|S:0.50000000,4,-6.585026652029182,-6.318410191888129,0.21135632607641927,1.376223120196008,0.2666164601410532,False,True
jq7,Hf:0.09289617|Li:0.07103825|O:0.65573770|P:0.16393443|Y:0.01639344,4,-4.496209316942819,-4.603565492082475,0.1747697541907293,0.6285309408422686,0.1073561751396559,False,False
jqc,Bi:0.07142857|Li:0.50000000|O:0.42857143,2,-5.800000874803203,-7.149971468197962,0.18096620985257383,7.881110782656447,1.349970593394759,False,False
k4x,Li:0.40828402|P:0.06508876|S:0.47337278|Si:0.05325444,4,-2.1870866433571443,-2.665391445589381,0.11482069184829465,0.10156155120690336,0.4783048022322367,False,True
ka6,La:0.13636364|Li:0.22727273|O:0.54545455|Ta:0.09090909,3,-5.179798540514359,-4.70627283036966,0.15766012032077537,2.005686702670094,0.473525710144699,False,False
kab,Al:0.01639344|Li:0.07103825|O:0.65573770|P:0.16393443|Ti:0.09289617,5,-4.425968732272281,-2.850004207746557,0.04974069280821373,0.16397944690324465,1.575964524525724,False,False
kbo,Al:0.05000000|Li:0.10000000|O:0.60000000|P:0.15000000|Sr:0.10000000,3,-10.0,-10.039375968702965,0.3850340510031442,6.051252247022919,0.03937596870296467,True,False
kbp,Fe:0.01098901|Li:0.06593407|O:0.65934066|P:0.16483516|Ti:0.09890110,1,-2.853871964321762,-3.4960788138698464,0.05392015030765081,1.257631471585318,0.6422068495480846,False,False
kbq,Bi:0.09090909|La:0.13636364|Li:0.22727273|O:0.54545455,3,-4.721246399047171,-5.312733737220598,0.1342720354447129,5.637592935380956,0.5914873381734269,False,False
kbu,La:0.13215859|Li:0.25110132|O:0.52863436|Sm:0.01541850|Ta:0.07268722,1,-4.667561540084395,-4.9086898218374175,0.09583000812387729,1.2601108922624982,0.24112828175302248,False,False
kf7,Ge:0.01515152|I:0.07575758|Li:0.46969697|P:0.06060606|S:0.37878788,5,-4.496209316942819,-3.948294856647336,0.1153359923446879,0.1601491882079413,0.5479144602954831,False,True
kfp,Ba:0.08333333|Li:0.16666667|O:0.58333333|P:0.16666667,5,-16.796203144042632,-8.642212194210622,0.38805989826608683,7.664644834615518,8.15399094983201,False,False
kgl,Br:0.01923077|Cl:0.05769231|Li:0.46153846|P:0.07692308|S:0.38461538,5,-2.6458915608525992,-2.885536194860166,0.13734968482691176,1.4863170968662085,0.23964463400756664,False,True
kh3,La:0.12765957|Li:0.27659574|O:0.51063830|Ta:0.02127660|Zr:0.06382979,3,-3.036212172654445,-3.2136764936795417,0.05267647387268759,0.20171714821627726,0.1774643210250968,False,False
kji,La:0.12820513|Li:0.27350427|O:0.51282051|Ta:0.02564103|Zr:0.05982906,3,-3.0,-3.213532406991462,0.049223635786852835,0.38372294128152407,0.21353240699146214,False,False
kkn,Br:0.30000000|Li:0.60000000|N:0.10000000,4,-8.0,-6.5151614437235486,0.3083066332358172,6.607742282682457,1.4848385562764514,False,False
kko,Li:0.40000000|P:0.08000000|S:0.48000000|Sn:0.04000000,2,-2.42021640338319,-2.4137190076388886,0.0542185072752631,0.14016636531280263,0.006497395744301304,False,True
kmv,Li:0.44444444|S:0.44444444|Sn:0.11111111,3,-4.154901959985743,-7.1362227428532075,0.14208631635675922,3.7725473077504312,2.9813207828674644,False,True
kop,Ge:0.02641056|Li:0.40016006|P:0.08003201|S:0.48019208|Sn:0.01320528,2,-2.193820026016113,-2.1140822173460276,0.03456060481992077,0.49121399980425345,0.07973780867008529,False,True
kxh,Li:0.06924644|O:0.61303462|Pr:0.11405295|Ti:0.20366599,4,-6.0,-6.547594373795637,0.19031133771275577,3.389406445062968,0.5475943737956372,False,False
l8t,Al:0.00546448|Li:0.07103825|O:0.65573770|P:0.16393443|Ti:0.09289617|Y:0.01092896,1,-4.136677139879544,-3.941486838158722,0.13126985242454556,1.2920045904249151,0.1951903017208223,False,False
l9r,Ca:0.04347826|La:0.08695652|Li:0.26086957|O:0.52173913|Ta:0.08695652,3,-5.657577319177793,-5.11101193480446,0.1187111847150682,2.123303620370211,0.5465653843733334,False,False
l9v,Al:0.10000000|F:0.60000000|Li:0.30000000,3,-6.301029995663981,-8.775002391324456,0.40303015203616643,6.183919056160268,2.473972395660475,False,False
lap,Al:0.01639344|Li:0.07103825|O:0.65573770|P:0.16393443|Ti:0.09289617,5,-2.9469215565165805,-2.850004207746557,0.04974069280821373,0.16397944690324465,0.09691734877002345,False,False
lcm,Ge:0.06976744|Li:0.41860465|O:0.46511628|V:0.04651163,4,-4.496209316942819,-5.397780185526444,0.24318050877426525,2.284165928400493,0.901570868583625,False,False
ldd,Ge:0.04761905|Li:0.40476190|O:0.47619048|V:0.07142857,4,-6.051098239029787,-5.36013724390701,0.26356321176366493,2.4641744862185044,0.6909609951227766,False,False
ldx,Ge:0.11111111|Li:0.05555556|O:0.66666667|P:0.16666667,3,-8.316052869248487,-6.337359228099903,0.2199446322905485,1.580789123035533,1.9786936411485847,False,False
lf5,Ba:0.04347826|La:0.08695652|Li:0.26086957|Nb:0.08695652|O:0.52173913,5,-5.221848749616356,-5.20304992758411,0.07364688456665207,3.1927192626725107,0.018798822032246143,False,False
lh8,Cr:0.01639344|Hf:0.09289617|Li:0.07103825|O:0.65573770|P:0.16393443,4,-6.279014255846261,-4.7411327286318015,0.08150210088279633,1.3903116420309853,1.5378815272144593,False,False
lkm,Ge:0.13333333|Li:0.40000000|O:0.46666667,3,-6.070581074285707,-8.31699022438432,0.32523016201795774,3.0598173141688156,2.2464091500986125,False,False
lol,I:0.10000000|Li:0.40000000|P:0.10000000|S:0.40000000,4,-3.9208187539523753,-4.739793926327096,0.22222648313296262,2.170792808333731,0.8189751723747203,False,True
lpx,Li:0.06336088|O:0.66115702|P:0.16528926|Y:0.00826446|Zr:0.10192837,2,-4.1487416512809245,-5.388005572351341,0.20547814452642532,1.4666509865396358,1.2392639210704166,False,False
lrh,Li:0.12820513|O:0.61538462|P:0.15384615|V:0.10256410,5,-6.721246399047171,-7.943520846928848,0.25132470503822074,1.8932577024172077,1.2222744478816772,False,False
lxk,Ge:0.05109489|I:0.07299270|Li:0.48905109|P:0.02189781|S:0.36496350,1,-2.25649023527157,-2.865477200111674,0.13223057946868566,0.48271580023062094,0.6089869648401041,False,True
lz8,Ga:0.02702703|Li:0.08108108|O:0.64864865|P:0.16216216|Ti:0.08108108,1,-3.9136401693252516,-3.7138043654730355,0.09223828519980412,0.7521567861336003,0.1998358038522161,False,False
lzt,Fe:0.00552486|Li:0.06077348|O:0.66298343|P:0.16574586|Ti:0.10497238,1,-3.2006594505464183,-3.5424955376898533,0.05099336177745127,1.6832739323912118,0.34183608714343494,False,False
m0j,Li:0.37500000|O:0.50000000|P:0.10000000|V:0.02500000,2,-12.688246138944246,-11.302787121770207,0.20583006619520933,2.154678504503677,1.385459017174039,False,False
m0v,Li:0.19142857|O:0.57142857|Ti:0.23714286,4,-7.219682687859849,-8.758110083381196,0.25540313426667255,2.023369698185301,1.5384273955213468,False,False
mde,B:0.35294118|F:0.05882353|Li:0.05882353|O:0.52941176,4,-10.0,-4.845787852354237,0.35513483510051597,7.487372856042181,5.154212147645763,True,False
mdj,Li:0.06593407|O:0.65934066|P:0.15384615|Si:0.01098901|Ti:0.10989011,2,-4.0655015487564325,-3.4402865805635074,0.09236348910802238,0.9903890625691428,0.6252149681929251,False,False
mfs,Ge:0.21428571|Li:0.14285714|O:0.57142857|Zn:0.07142857,2,-10.0,-10.121205685889642,0.35139971903804745,5.644427924311329,0.12120568588964176,True,False
mg4,Al:0.01639344|Li:0.07103825|O:0.65573770|P:0.16393443|Ti:0.09289617,5,-2.207608310501746,-2.850004207746557,0.04974069280821373,0.16397944690324465,0.6423958972448109,False,False
mgs,Ge:0.09090909|Li:0.43181818|O:0.45454545|P:0.02272727,3,-5.987162775294828,-5.809845569749646,0.26823395981404063,1.9708671335442713,0.17731720554518215,False,False
mq1,Li:0.37500000|S:0.50000000|Sb:0.12500000,4,-8.318758762624412,-6.91225264850503,0.19875833753068556,3.8007919005031,1.4065061141193826,False,True
mqo,Li:0.40828402|P:0.06508876|S:0.47337278|Si:0.05325444,4,-2.171984935776023,-2.665391445589381,0.11482069184829465,0.10156155120690336,0.493406509813358,False,True
mtn,Ge:0.04000000|Li:0.40000000|P:0.08000000|S:0.48000000,1,-1.609064892896621,-2.109758562023112,0.07786045371528107,0.7645510540774337,0.5006936691264909,False,True
my5,Al:0.01635992|F:0.01635992|La:0.11451943|Li:0.06748466|O:0.59713701|Ti:0.18813906,2,-3.306273051076353,-3.659971204769236,0.102808389076996,0.12137933957829794,0.35369815369288293,False,False
my9,Al:0.01098901|Li:0.06593407|O:0.65934066|P:0.16483516|Ti:0.09890110,4,-3.2254830342714502,-3.315203812569689,0.048645742250808935,0.1677055750447197,0.08972077829823899,False,False
n27,B:0.25000000|Li:0.25000000|O:0.50000000,4,-8.0,-7.936462662665517,0.27077783423815543,5.895202868186352,0.06353733733448319,False,False
n7a,Cl:0.63157895|Li:0.26315789|Y:0.05263158|Zr:0.05263158,5,-2.853871964321762,-5.868795339857608,0.17730491356559464,5.5704704598919195,3.0149233755358464,False,False
ncr,Hf:0.11111111|Li:0.05555556|O:0.66666667|P:0.16666667,5,-6.164309428507575,-6.6289593089827985,0.10189605729774522,0.7478117552543742,0.46464988047522393,False,False
ndx,Li:0.37500000|O:0.50000000|P:0.07500000|V:0.05000000,5,-12.494850021680094,-11.898760553749694,0.2478351263930414,1.7789543989402277,0.5960894679303994,False,False
ner,Ba:0.04347826|La:0.08695652|Li:0.26086957|O:0.52173913|Ta:0.08695652,2,-4.772113295386326,-4.964964581780063,0.073917310404982,0.6147394231201015,0.19285128639373728,False,False
nf0,Al:0.02702703|Li:0.08108108|O:0.64864865|P:0.16216216|Ti:0.08108108,3,-4.958607314841775,-3.377806823934483,0.2111910387009707,0.3352508534918985,1.5808004909072917,False,False
nhq,Li:0.37500000|P:0.12500000|S:0.50000000,4,-6.049148541111453,-6.318410191888129,0.21135632607641927,1.376223120196008,0.2692616507766754,False,True
nig,Br:0.07692308|Li:0.46153846|P:0.07692308|S:0.38461538,3,-2.5575202309355514,-3.155953224805969,0.08299091793245161,0.8484548841462111,0.5984329938704178,False,True
nip,Li:0.39540508|P:0.08827086|S:0.48367594|Sn:0.03264813,5,-2.2596373105057563,-2.3611212847535508,0.028834245684400822,0.08486007758321192,0.10148397424779443,False,True
nkr,Ge:0.04000000|Li:0.40000000|P:0.08000000|S:0.48000000,1,-2.844663962534938,-2.109758562023112,0.07786045371528107,0.7645510540774337,0.7349054005118263,False,True
nng,Al:0.03225806|Ge:0.04301075|Li:0.08602151|O:0.64516129|P:0.16129032|Ti:0.03225806,3,-3.154901959985743,-3.8478648714960584,0.09274969309067134,1.5590013585951692,0.6929629115103153,False,False
ns3,Li:0.39540508|P:0.08827086|S:0.48367594|Sn:0.03264813,5,-2.3045183235098023,-2.3611212847535508,0.028834245684400822,0.08486007758321192,0.05660296124374842,False,True
nua,La:0.14285714|Li:0.14285714|O:0.57142857|Ti:0.14285714,3,-10.0,-5.009949905136154,0.19190339345116816,1.899420041472697,4.990050094863846,True,False
o5q,La:0.12605042|Li:0.28571429|O:0.50420168|Ta:0.00840336|Zr:0.07563025,5,-3.552841968657781,-3.25330511831231,0.02106559839163865,0.20816078330070392,0.2995368503454712,False,False
o86,Ba:0.02222222|La:0.11111111|Li:0.24444444|O:0.53333333|Ta:0.08888889,1,-4.85078088734462,-5.01390727114186,0.10568160536423105,0.5187437664605759,0.16312638379723943,False,False
o8s,Li:0.07103825|O:0.65573770|P:0.16393443|Sc:0.01639344|Ti:0.09289617,1,-3.344861565188618,-3.540373348636748,0.05355288586989058,0.23339060717314974,0.19551178344813014,False,False
oi4,Hf:0.05186722|Li:0.07883817|O:0.62240664|Sr:0.09128631|Ta:0.15560166,1,-3.42021640338319,-6.733864932140393,0.27638544911526497,3.9730154743273376,3.313648528757203,False,False
oi6,Li:0.50000000|O:0.42857143|Sb:0.07142857,4,-7.173925197299173,-6.654507343559613,0.22964050267098635,6.344280070082297,0.5194178537395597,False,False
opo,Li:0.22222222|S:0.55555556|Sn:0.22222222,4,-3.9208187539523753,-6.684368868027922,0.1938864929218016,5.745111055612439,2.7635501140755463,False,True
oxc,Al:0.02173913|Li:0.07608696|O:0.65217391|P:0.16304348|Ti:0.08695652,3,-2.2494916051486538,-3.1415062445475526,0.1050599604747291,0.16885238083311055,0.8920146393988988,False,False
p4l,La:0.01098901|Li:0.06593407|O:0.65934066|P:0.16483516|Ti:0.09890110,1,-4.096910013008056,-4.236100414052376,0.12664464719202068,1.833374929206291,0.13919040104431968,False,False
p9u,I:0.07692308|Li:0.46153846|P:0.07692308|S:0.38461538,2,-3.657577319177794,-4.918267084457839,0.20833951913537796,1.4257833477773978,1.2606897652800453,False,True
pa1,Ge:0.04411765|I:0.07352941|Li:0.48529412|P:0.02941176|S:0.36764706,1,-2.2831622767004753,-2.8815207885206275,0.1234901294515687,0.384087133479118,0.5983585118201522,False,True
pbz,Ge:0.08571429|Li:0.42857143|O:0.45714286|V:0.02857143,4,-5.247183568811729,-5.662068069150248,0.10065428294243725,2.1781478926719746,0.41488450033851887,False,False
pe2,Li:0.29310345|S:0.48275862|Sb:0.22413793,3,-8.978810700930062,-6.717778426132411,0.24459397054301238,5.466445104550303,2.2610322747976506,False,True
pfi,Ba:0.01214575|Ge:0.04048583|Li:0.38056680|P:0.08097166|S:0.48582996,1,-3.1505805862031004,-3.478462993722578,0.07282403127903972,2.6713136023751103,0.3278824075194775,False,True
pg8,Fe:0.02702703|Li:0.08108108|O:0.64864865|P:0.16216216|Ti:0.08108108,5,-3.7594507517174,-3.7518516348305844,0.07318069585343763,1.7089766361481242,0.007599116886815693,False,False
ppz,Hf:0.09289617|In:0.01639344|Li:0.07103825|O:0.65573770|P:0.16393443,1,-5.0,-4.787127784770461,0.08149264334154217,1.0935143192288777,0.21287221522953903,False,False
pql,Li:0.61538462|P:0.30769231|Si:0.07692308,2,-4.346787486224656,-6.0130126995096935,0.12281078013081599,5.937218437316856,1.6662252132850375,False,False
ps0,La:0.08695652|Li:0.26086957|O:0.52173913|Sr:0.04347826|Ta:0.08695652,5,-5.154901959985743,-5.020633036189936,0.05674884599627872,2.37305974718,0.13426892379580746,False,False
pwr,Li:0.41927991|O:0.46457607|P:0.02903600|Si:0.08710801,1,-6.785156151952302,-6.992480420977431,0.20777097867012997,3.2260775483240294,0.20732426902512913,False,False
pwy,Cr:0.01098901|Li:0.06593407|O:0.65934066|P:0.16483516|Ti:0.09890110,3,-3.3665315444204134,-3.5644975151633216,0.05955159484443078,0.2886580939090007,0.19796597074290823,False,False
q46,La:0.13636364|Li:0.22727273|Nb:0.08636364|O:0.54545455|Y:0.00454545,5,-4.841637507904751,-4.870543523783935,0.07540683277474526,0.41356419071496325,0.028906015879184288,False,False
q9f,Ge:0.02255639|I:0.07518797|Li:0.47368421|P:0.05263158|S:0.37593985,2,-3.1870866433571443,-3.3523639868258868,0.08140033221138027,0.18708571572146843,0.16527734346874245,False,True
qa9,B:0.16666667|Li:0.50000000|N:0.33333333,1,-9.795880017344075,-6.99277748263167,0.4613694766664973,9.250354970391365,2.803102534712405,False,False
qbb,Br:0.20000000|Li:0.60000000|O:0.20000000,4,-5.958607314841775,-5.863763983797165,0.25196002891482927,5.416557886490546,0.09484333104460951,False,False
qea,Li:0.05555556|O:0.66666667|P:0.16666667|Ti:0.11111111,4,-5.698970004336019,-6.679900821777224,0.3030776280242749,1.0006789506007996,0.9809308174412052,False,False
qkr,La:0.01639344|Li:0.07103825|O:0.65573770|P:0.16393443|Ti:0.09289617,1,-3.281498311132726,-4.216589802684132,0.10145679109682752,1.857995688695168,0.9350914915514066,False,False
qno,Li:0.05555556|O:0.66666667|P:0.16666667|Ti:0.11111111,4,-6.416801226031377,-6.679900821777224,0.3030776280242749,1.0006789506007996,0.26309959574584685,False,False
qtc,K:0.01111111|La:0.12222222|Li:0.24444444|Nb:0.08888889|O:0.53333333,4,-4.97469413473523,-5.063392196078382,0.11489902002942173,3.5102940479769886,0.08869806134315272,False,False
qvu,La:0.13636364|Li:0.22727273|Nb:0.07954545|O:0.54545455|Y:0.01136364,5,-5.014124642691606,-4.79266850084204,0.12625747379296245,0.4390209598164533,0.22145614184956663,False,False
qy4,Li:0.16666667|Na:0.27777778|S:0.44444444|Ti:0.11111111,3,-5.055517327849832,-6.251689411926674,0.40475479966270245,6.638884105533175,1.1961720840768422,False,True
r07,La:0.12631579|Li:0.28421053|O:0.50526316|Te:0.00526316|Zr:0.07894737,4,-3.4814860601221125,-3.5307846362229425,0.0685011318223016,2.7087248164208395,0.049298576100829994,False,False
r5y,Cd:0.19230769|Cl:0.76923077|Li:0.03846154,2,-6.236572006437063,-6.804036441924934,0.3280485381704111,9.568359371039056,0.5674644354878708,False,False
r99,La:0.13025210|Li:0.02941176|Mg:0.10504202|O:0.63025210|W:0.10504202,2,-4.920818753952375,-6.641435823668275,0.19711116873470305,3.8446439542564703,1.7206170697159004,False,False
rc1,Fe:0.00277008|Li:0.05817175|O:0.66481994|P:0.16620499|Ti:0.10803324,5,-3.886056647693163,-3.5826500186492933,0.0572802902794854,1.3713568971829875,0.3034066290438697,False,False
rg6,Al:0.02173913|Li:0.07608696|O:0.65217391|P:0.16304348|Ti:0.08695652,3,-2.4710832997223453,-3.1415062445475526,0.1050599604747291,0.16885238083311055,0.6704229448252073,False,False
rgo,La:0.12000000|Li:0.28000000|O:0.52000000|Ta:0.08000000,2,-5.576754126063192,-5.478007170245576,0.1887733149850669,1.480311228847062,0.09874695581761639,False,False
rr5,Li:0.05555556|O:0.66666667|P:0.16666667|Ti:0.11111111,4,-4.142667503568732,-6.679900821777224,0.3030776280242749,1.0006789506007996,2.537233318208492,False,False
rty,Ge:0.01320528|Li:0.40016006|P:0.08003201|S:0.48019208|Sn:0.02641056,5,-2.318758762624413,-2.12916878896978,0.04596244460108913,0.6601638961067932,0.1895899736546327,False,True
rwr,Ge:0.07692308|Li:0.61538462|P:0.30769231,1,-4.7447274948966935,-4.555402897391419,0.22972745709229273,6.598209641762122,0.18932459750527464,False,False
s3h,La:0.10000000|Li:0.10000000|O:0.60000000|Ti:0.20000000,2,-3.0338582672609675,-6.066345668082164,0.32344070696272437,1.331293734153313,3.0324874008211964,False,False
sdz,Al:0.00856531|La:0.12847966|Li:0.26338330|O:0.51391863|Ta:0.01070664|Zr:0.07494647,5,-3.431798275933005,-3.4258528762294804,0.09459961660659276,3.505695817547769,0.00594539970352459,False,False
sg0,Li:0.25000000|O:0.50000000|Sc:0.25000000,5,-10.0,-9.541273180469437,0.2833181881352728,2.768712298437035,0.45872681953056293,True,False
sg4,Li:0.39649970|P:0.08690404|S:0.48280024|Sn:0.03379602,1,-2.360513510731414,-2.3334530042612953,0.046954812448786826,0.08459320243029544,0.027060506470118817,False,True
sib,La:0.13291139|Li:0.02320675|Mg:0.10548523|O:0.63291139|W:0.10548523,2,-5.167491087293763,-6.611277319219854,0.1871824419434983,3.852589564685092,1.443786231926091,False,False
skm,Bi:0.09090909|Li:0.45454545|O:0.45454545,2,-8.4089353929735,-8.107472414862386,0.3050974144648754,7.2537095473320745,0.30146297811111467,False,False
smk,Al:0.05555556|Li:0.05555556|O:0.66666667|P:0.16666667|Sb:0.05555556,2,-7.498940737782249,-6.028390674534713,0.19087060085837487,2.6501352371978735,1.4705500632475355,False,False
sqm,Ba:0.02173913|La:0.08695652|Li:0.26086957|O:0.52173913|Sr:0.02173913|Ta:0.08695652,4,-5.1487416512809245,-4.756718644330488,0.056230147572621826,0.6481673023715411,0.3920230069504367,False,False
sso,Hf:0.08695652|Li:0.07608696|O:0.65217391|P:0.16304348|Y:0.02173913,3,-4.679853713888946,-5.021851143417285,0.20368596855919152,0.8918374405497405,0.3419974295283392,False,False
ssv,Li:0.37500000|O:0.50000000|P:0.02500000|V:0.10000000,3,-12.882728704344236,-9.894112470506744,0.5383450002604937,2.27660597687618,2.988616233837492,False,False
sv7,La:0.10647182|Li:0.07098121|O:0.61377871|Ti:0.20876827,5,-3.0,-3.9743797807220687,0.1776042839341869,1.812916011040797,0.9743797807220687,False,False
t0h,Li:0.33333333|O:0.50000000|Zr:0.16666667,1,-9.214670164989233,-8.832974261369134,0.2782469678277944,2.7083902295096687,0.3816959036200984,False,False
t17,Ge:0.01140684|I:0.07604563|Li:0.46768061|P:0.06463878|S:0.38022814,3,-4.405607449624573,-4.264346022796913,0.1361317372759328,0.19710959469286718,0.14126142682765952,False,True
t1l,Li:0.07103825|O:0.65573770|P:0.14754098|Si:0.01639344|Ti:0.10928962,4,-3.494850021680094,-3.5811995078743903,0.09400549371902452,0.9781727186237623,0.08634948619429617,False,False
t2c,Br:0.07692308|Li:0.46153846|P:0.07692308|S:0.31538462|Se:0.06923077,5,-2.417936637088291,-2.6662660643019525,0.08162034490890364,0.4599690134065918,0.24832942721366136,False,True
t3k,Cl:0.57971014|Ga:0.01449275|Li:0.27536232|Mn:0.13043478,1,-6.6252516539898965,-5.893403222223608,0.18157975133818935,4.9141786674815595,0.7318484317662888,False,False
t9r,Fe:0.01639344|Li:0.07103825|O:0.65573770|P:0.16393443|Ti:0.09289617,4,-3.6090648928966207,-3.586222570395757,0.05991282399873478,1.3046337332690716,0.0228423225008636,False,False
tbj,La:0.13636364|Li:0.22727273|O:0.54545455|Sb:0.09090909,2,-5.47755576649368,-5.542895192374673,0.1767259448365786,3.790948026360766,0.0653394258809934,False,False
tbu,Ga:0.03448276|Li:0.24137931|O:0.55172414|P:0.13793103|Zn:0.03448276,5,-10.0,-10.433152740004568,0.20056375555889633,2.964061854498942,0.4331527400045676,True,False
tjh,Al:0.03743316|Ge:0.06951872|Li:0.09090909|O:0.64171123|P:0.16042781,4,-3.5783960731301687,-4.153252903742982,0.18021498811315909,0.3407952749398171,0.5748568306128132,False,False
tka,Li:0.16666667|N:0.50000000|Si:0.33333333,3,-7.209714835966758,-7.252858281835336,0.4482847009081613,13.983581555664546,0.04314344586857821,False,False
tlp,Ba:0.08333333|La:0.04166667|Li:0.29166667|O:0.50000000|Ta:0.08333333,5,-5.54515513999149,-4.690117151834517,0.05676524305774616,0.8090079765256025,0.8550379881569725,False,False
tp2,Al:0.03225806|Li:0.08602151|O:0.64516129|P:0.16129032|Ti:0.07526882,3,-4.638272163982407,-3.705815932375401,0.2329757173471347,0.4599278310115024,0.9324562316070057,False,False
tt3,Cl:0.07692308|Li:0.46153846|P:0.07692308|S:0.38461538,4,-2.886056647693163,-4.739898246330769,0.25821827641029765,5.044581376495368,1.8538415986376062,False,True
tvf,H:0.40000000|I:0.10000000|Li:0.30000000|N:0.20000000,2,-5.0,-6.100772620494333,0.42493418411356637,15.622314680582047,1.1007726204943333,False,False
tws,Li:0.40000000|O:0.46666667|Zr:0.13333333,5,-9.2839966563652,-7.585625894020418,0.3566641659191191,3.174576438003309,1.6983707623447826,False,False
txm,Cr:0.01639344|Li:0.07103825|O:0.65573770|P:0.16393443|Ti:0.09289617,4,-4.454692883534176,-3.7484636062237247,0.0861102281130155,0.6069113453782365,0.7062292773104515,False,False
tzl,Al:0.00277008|Li:0.05817175|O:0.66481994|P:0.16620499|Ti:0.10803324,3,-2.958607314841775,-3.8100812898826013,0.08120926417938643,0.19356384153199685,0.8514739750408262,False,False
u0c,Li:0.17142857|Mg:0.02857143|O:0.57142857|Ti:0.22857143,2,-8.372634143407268,-8.553341188265096,0.14008026415876165,0.6611175593211962,0.18070704485782763,False,False
u2y,La:0.12370062|Li:0.04469854|O:0.62370062|Ti:0.20790021,5,-3.0690509688324767,-3.907931762470344,0.1637679957813895,1.886671412564199,0.838880793637867,False,False
u5t,Al:0.02702703|Ge:0.08108108|Li:0.08108108|O:0.64864865|P:0.16216216,5,-3.552841968657781,-3.9507295127332878,0.08462360683536763,0.4807590500250901,0.39788754407550675,False,False
u8r,Ba:0.07500000|Li:0.02500000|O:0.65000000|Si:0.10000000|Ta:0.12500000|Zr:0.02500000,3,-10.0,-6.473554085392588,0.36202748177454996,5.6224450556743735,3.526445914607412,True,False
uaj,Li:0.07608696|O:0.65217391|P:0.16304348|Sc:0.02173913|Ti:0.08695652,2,-3.288192770958809,-3.3699241144876813,0.07388564304348165,0.26326998433484033,0.08173134352887246,False,False
uaz,Ca:0.04347826|La:0.08695652|Li:0.26086957|Nb:0.08695652|O:0.52173913,4,-5.795880017344075,-5.585253370848948,0.10438196691055868,2.200636056716342,0.2106266464951272,False,False
ubi,In:0.05263158|Li:0.10526316|O:0.63157895|P:0.15789474|Ti:0.05263158,3,-5.080921907623926,-6.237717114932085,0.09725425073198937,1.0241342095102843,1.1567952073081589,False,False
ucw,La:0.11652542|Li:0.27966102|O:0.50847458|Ta:0.01694915|Y:0.01059322|Zr:0.06779661,1,-3.360513510731414,-3.311692867239742,0.037477200705261574,0.3982582451669575,0.04882064349167203,False,False
ueu,La:0.13192612|Li:0.25241865|O:0.52770449|Ta:0.02198769|Zr:0.06596306,5,-3.0443122496864943,-3.899682007016259,0.09688578051620397,0.4609137905291851,0.8553697573297647,False,False
uex,Fe:0.04000000|K:0.02000000|Li:0.06000000|Na:0.04000000|O:0.60000000|Si:0.24000000,1,-10.0,-6.9699961196356055,0.3809578046806712,10.04861898245506,3.0300038803643945,True,False
uht,La:0.12765957|Li:0.27659574|O:0.51063830|Te:0.01063830|Zr:0.07446809,4,-2.9913998282380825,-3.756131932471899,0.09376314393710601,2.7315978731493793,0.7647321042338167,False,False
ui6,Li:0.40828402|P:0.06508876|S:0.47337278|Si:0.04260355|Sn:0.01065089,2,-1.958607314841775,-2.0095620952357116,0.06983880210306621,1.008368690628902,0.05095478039393653,False,True
uox,Ga:0.02040816|Li:0.25170068|O:0.54421769|P:0.13605442|Zn:0.04761905,1,-11.247951552180561,-10.30142084759235,0.1764776153337156,2.7870288938963794,0.946530704588211,False,False
ur9,Li:0.05555556|O:0.66666667|P:0.16666667|Zr:0.11111111,4,-9.0,-7.942087211427201,0.15784162804697519,1.5342495650452286,1.057912788572799,False,False
usu,Al:0.04255319|Li:0.46808511|S:0.42553191|Sn:0.06382979,1,-5.366531544420414,-4.894557351085417,0.23810481718590548,3.9397133365388557,0.47197419333499724,False,True
utv,Ge:0.01886792|I:0.07547170|Li:0.47169811|P:0.05660377|S:0.37735849,4,-3.8239087409443187,-3.6444952359349454,0.06414187260740195,0.20810883046473677,0.17941350500937325,False,True
uu4,Li:0.20000000|O:0.60000000|V:0.20000000,2,-8.688246138944246,-9.224632241922363,0.24160438181316388,2.305285420920709,0.536386102978117,False,False
uut,Br:0.07692308|Li:0.46153846|P:0.07692308|S:0.36153846|Se:0.02307692,5,-2.441291429466834,-2.5968715640797315,0.08603592539869043,0.3006639535034945,0.15558013461289733,False,True
uw9,Bi:0.08695652|La:0.08695652|Li:0.26086957|O:0.52173913|Sr:0.04347826,1,-4.698970004336019,-5.47303129127581,0.1557832262964679,5.033048148511478,0.7740612869397916,False,False
uwh,La:0.13648772|Li:0.23111920|O:0.54595086|Ta:0.06869882|Zr:0.01774340,5,-3.987162775294828,-4.553507513304905,0.07655066404724284,1.1278617148575116,0.566344738010077,False,False
uxi,Cl:0.60150376|In:0.05263158|Li:0.24812030|Mn:0.09774436,2,-7.00436480540245,-6.052896864688729,0.1340889196048501,6.255349370628819,0.9514679407137212,False,False
uxo,Li:0.37161290|N:0.01806452|O:0.48129032|P:0.12903226,1,-12.853871964321762,-10.055076669957963,0.24194736722780072,4.63181239650265,2.7987952943637993,False,False
v07,Ga:0.02173913|La:0.13043478|Li:0.23913043|O:0.52173913|Zr:0.08695652,3,-4.0,-3.679520328963753,0.07309335408624018,2.18891758902024,0.3204796710362472,False,False
v1q,La:0.12605042|Li:0.28571429|O:0.50420168|Ta:0.00840336|Zr:0.07563025,5,-3.136677139879544,-3.25330511831231,0.02106559839163865,0.20816078330070392,0.11662797843276573,False,False
v1t,Cr:0.02173913|Li:0.07608696|O:0.65217391|P:0.16304348|Ti:0.08695652,4,-3.826813731587726,-4.01431126188893,0.1833871240839727,0.7637449162616766,0.1874975303012043,False,False
vg0,Al:0.02702703|Ge:0.08108108|Li:0.08108108|O:0.64864865|P:0.16216216,5,-3.721246399047171,-3.9507295127332878,0.08462360683536763,0.4807590500250901,0.22948311368611662,False,False
vj7,Br:0.07547170|Li:0.47169811|P:0.05660377|S:0.37735849|Si:0.01886792,2,-2.85078088734462,-2.9929007314468437,0.04466803836877742,0.10458697880910221,0.14211984410222378,False,True
vqj,Br:0.05769231|I:0.01923077|Li:0.46153846|P:0.07692308|S:0.38461538,1,-3.9507819773298185,-3.9641551937568145,0.23516976077428478,1.092562537812485,0.01337321642699596,False,True
vqu,Li:0.22727273|Nd:0.13636364|O:0.54545455|Sb:0.09090909,4,-6.886056647693163,-7.527848694374108,0.26245840697447237,5.797427960151868,0.641792046680945,False,False
vtr,Fe:0.05555556|Li:0.05555556|O:0.66666667|P:0.16666667|Sb:0.05555556,3,-5.863279432843593,-7.456261842906469,0.31036713611932687,6.173605801590676,1.5929824100628753,False,False
vus,La:0.02702703|Li:0.08108108|O:0.64864865|P:0.16216216|Ti:0.08108108,3,-3.55129368009492,-4.051634126508588,0.16245877581318596,0.47449266997008904,0.5003404464136674,False,False
vwn,Ba:0.07368421|La:0.05263158|Li:0.28421053|O:0.50526316|Ta:0.08421053,4,-4.928117992693875,-4.738844589777553,0.07713643754853876,0.5331609148055885,0.18927340291632166,False,False
vy5,K:0.02000000|Li:0.18000000|O:0.60000000|Sb:0.20000000,5,-7.866461091629782,-8.852395862336225,0.26602144276324297,8.582535293111722,0.985934770706443,False,False
vzu,Fe:0.05263158|Li:0.10526316|O:0.63157895|P:0.15789474|Zr:0.05263158,1,-6.841637507904751,-6.154351707266769,0.17454013552741923,4.834764422770137,0.6872858006379818,False,False
w1l,Cr:0.05000000|Li:0.10000000|O:0.60000000|Sr:0.10000000|Ta:0.15000000,2,-4.221848749616356,-6.437614717399407,0.3826146854181914,3.9403188072515043,2.2157659677830512,False,False
w3n,Al:0.02173913|Li:0.07608696|O:0.65217391|P:0.16304348|Ti:0.08695652,3,-2.9507819773298185,-3.1415062445475526,0.1050599604747291,0.16885238083311055,0.19072426721773406,False,False
w7d,Li:0.37500000|O:0.50000000|P:0.12500000,1,-17.3767507096021,-10.079709890983217,0.2424927923192855,3.6350387409443483,7.297040818618882,False,False
w87,Br:0.07692308|Li:0.46153846|P:0.07692308|S:0.38461538,3,-4.494850021680094,-3.155953224805969,0.08299091793245161,0.8484548841462111,1.3388967968741246,False,True
wmr,Al:0.04255319|Li:0.46808511|S:0.42553191|Si:0.06382979,5,-7.515700160653214,-7.519077620721307,0.11689516856644405,0.8727077755219357,0.003377460068092475,False,True
wng,Hf:0.09890110|In:0.01098901|Li:0.06593407|O:0.65934066|P:0.16483516,5,-5.3979400086720375,-4.59340174275326,0.0665516004322049,1.0869987695530323,0.8045382659187776,False,False
wsd,Br:0.07518797|Li:0.47368421|P:0.05263158|S:0.37593985|Si:0.02255639,2,-2.7825160557860937,-2.8326594579140605,0.05301305464835755,0.13286316260211234,0.05014340212796675,False,True
wyu,La:0.12500000|Li:0.29166667|O:0.50000000|Zr:0.08333333,2,-5.787812395596042,-4.781446531923213,0.17712180772604996,1.2890323578287624,1.006365863672829,False,False
x2i,Bi:0.25000000|Li:0.25000000|O:0.50000000,1,-7.42021640338319,-10.258411463752658,0.2901688251994123,9.183743006171124,2.8381950603694683,False,False
x2v,Br:0.07648184|Li:0.46462715|P:0.07074570|S:0.38240918|Si:0.00573614,3,-3.0589857562944305,-2.986271433794615,0.0734069034997207,0.08813723958830218,0.07271432249981569,False,True
x61,Al:0.00819672|Li:0.07103825|O:0.65573770|P:0.16393443|Sc:0.00819672|Ti:0.09289617,4,-2.906578314837765,-3.37568076071979,0.052991410387456216,0.23586326451688516,0.469102445882025,False,False
x94,Li:0.44444444|S:0.44444444|Si:0.11111111,4,-7.30715308072277,-7.4814576283294105,0.22392926338263464,2.1724497054213914,0.17430454760664027,False,True
x9a,Ga:0.01098901|Li:0.06593407|O:0.65934066|P:0.16483516|Ti:0.09890110,3,-3.7904849854573692,-3.5882132791180177,0.1032368207303654,0.8670073245560195,0.20227170633935154,False,False
x9d,Br:0.07619048|Li:0.46666667|P:0.06666667|S:0.38095238|Si:0.00952381,1,-3.0447934624580584,-2.988265863929539,0.030088370335466973,0.06435067376617466,0.056527598528519185,False,True
xa0,Al:0.02702703|Li:0.08108108|O:0.64864865|P:0.16216216|Ti:0.08108108,3,-3.6055483191737836,-3.377806823934483,0.2111910387009707,0.3352508534918985,0.22774149523930065,False,False
xas,Li:0.33333333|S:0.50000000|Sn:0.16666667,3,-4.823908740944319,-6.061156163123133,0.23394358490592718,4.533257026743176,1.2372474221788146,False,True
xga,Li:0.40011998|P:0.08038392|S:0.47990402|Sn:0.03959208,4,-2.4282911681913126,-2.3374293362664704,0.03290344008880837,0.06390759500860418,0.0908618319248422,False,True
xkh,Li:0.05555556|O:0.66666667|P:0.16666667|Ti:0.00555556|Zr:0.10555556,4,-7.494850021680094,-7.02329575977987,0.12371920260513371,1.2607125144981757,0.47155426190022354,False,False
xn9,Li:0.39759036|P:0.08433735|S:0.48192771|Sn:0.03614458,3,-2.4377071355435254,-2.3277050937428103,0.028771094072200666,0.09410825767935396,0.11000204180071504,False,True
xog,La:0.13636364|Li:0.22727273|O:0.54545455|Sb:0.09090909,2,-5.107905397309519,-5.542895192374673,0.1767259448365786,3.790948026360766,0.434989795065154,False,False
xr7,Fe:0.02173913|Li:0.07608696|O:0.65217391|P:0.16304348|Ti:0.08695652,4,-3.406713932979543,-3.673406739441041,0.08421724032395574,1.8196512739180775,0.26669280646149796,False,False
xub,Li:0.16285714|Mg:0.04285714|O:0.57142857|Ti:0.22285714,4,-8.821023052706831,-8.759416494429335,0.08919804020152393,0.6329265879385467,0.061606558277496504,False,False
xut,F:0.09090909|Li:0.09090909|O:0.54545455|Sr:0.09090909|Ta:0.18181818,3,-10.0,-9.549524040529803,0.1803908774860536,4.148303667471967,0.4504759594701966,True,False
xxq,Al:0.06250000|Li:0.47916667|S:0.41666667|Si:0.04166667,2,-7.835647144215563,-6.755466565246221,0.13309391502267032,1.4588645191076428,1.0801805789693422,False,True
xz4,Ce:0.08333333|Li:0.08333333|Mo:0.16666667|O:0.66666667,3,-7.886056647693163,-9.138593342094895,0.15259671378327608,3.7577514158779706,1.2525366944017318,False,False
y2l,Al:0.10000000|Li:0.50000000|S:0.40000000,2,-8.853871964321762,-7.161043898827876,0.16938564084378582,1.8411119775957405,1.6928280654938854,False,True
y9l,Cr:0.01639344|Li:0.07103825|O:0.65573770|P:0.16393443|Ti:0.09289617,4,-3.537602002101044,-3.7484636062237247,0.0861102281130155,0.6069113453782365,0.21086160412268073,False,False
ya8,Ge:0.05882353|Li:0.41176471|P:0.05882353|S:0.47058824,2,-1.958607314841775,-2.334860354513332,0.07735830418066507,0.3978566990474607,0.3762530396715569,False,True
yab,F:0.07476636|Li:0.09345794|O:0.56074766|Sr:0.08411215|Ta:0.18691589,2,-10.0,-9.051489828863506,0.27838557363816463,4.226046992867603,0.948510171136494,True,False
yav,Cl:0.57142857|Li:0.28571429|V:0.14285714,2,-5.158015195409886,-5.658457035494001,0.28128324596283105,5.395085869922862,0.5004418400841146,False,False
yh8,Al:0.00817996|F:0.00817996|La:0.11451943|Li:0.06748466|O:0.60531697|Ti:0.19631902,2,-3.2062096153091812,-3.107449538342044,0.04196307345836817,0.06406410928881148,0.09876007696713707,False,False
ylh,Ge:0.02439024|Li:0.39024390|O:0.48780488|V:0.09756098,3,-4.721246399047171,-6.407987158850706,0.2556295118681743,1.632056221249553,1.686740759803535,False,False
ylt,Hf:0.08695652|In:0.02173913|Li:0.07608696|O:0.65217391|P:0.16304348,5,-3.8477116556169433,-4.936394132737939,0.09890898911577267,1.1086388837515755,1.0886824771209955,False,False
ym6,Al:0.01639344|Li:0.07103825|O:0.65573770|P:0.16393443|Ti:0.09289617,5,-2.91721462968355,-2.850004207746557,0.04974069280821373,0.16397944690324465,0.06721042193699311,False,False
ymc,Br:0.03846154|I:0.03846154|Li:0.46153846|P:0.07692308|S:0.38461538,1,-4.581698708680254,-4.133410608865485,0.2717795697425585,0.9886948161181109,0.4482880998147696,False,True
yn6,In:0.02173913|Li:0.07608696|O:0.65217391|P:0.16304348|Ti:0.08695652,3,-3.5199930570428495,-3.7380877227905853,0.05859587409118366,0.4304396927715931,0.21809466574773584,False,False
yp3,Li:0.05555556|O:0.66666667|P:0.16666667|Ti:0.11111111,4,-4.221848749616356,-6.679900821777224,0.3030776280242749,1.0006789506007996,2.458052072160868,False,False
yq2,Al:0.00552486|Li:0.06077348|O:0.66298343|P:0.16574586|Ti:0.10497238,5,-4.522878745280337,-3.000107459721803,0.06430305188360871,0.21946172121849292,1.5227712855585342,False,False
yqu,Al:0.01098901|Li:0.06593407|O:0.65934066|P:0.16483516|Ti:0.09890110,4,-2.3169529617611504,-3.315203812569689,0.048645742250808935,0.1677055750447197,0.9982508508085388,False,False
ysm,F:0.09009009|Li:0.09909910|Nb:0.17117117|O:0.54054054|Sr:0.09009009|Zr:0.00900901,1,-10.0,-8.889615658086631,0.20447906431371357,5.74492903011088,1.1103843419133685,True,False
ywe,I:0.07692308|Li:0.46153846|P:0.07692308|S:0.38461538,2,-5.886056647693163,-4.918267084457839,0.20833951913537796,1.425783347777387,0.967789563235324,False,True
z16,Br:0.07692308|Li:0.46153846|P:0.07692308|S:0.37692308|Se:0.00769231,4,-2.494850021680094,-2.779150075954711,0.06100518687883025,0.4721591386847012,0.2843000542746168,False,True
z2s,Al:0.02173913|Li:0.23913043|Nd:0.13043478|O:0.52173913|Zr:0.08695652,3,-4.4089353929735005,-6.271517425060031,0.18218413596211058,5.334604256358862,1.8625820320865305,False,False
z53,La:0.12711864|Li:0.27966102|O:0.50847458|Ta:0.01694915|Zr:0.06779661,4,-3.5044556624535517,-3.252148290363237,0.02329519108975247,0.174307851528622,0.2523073720903146,False,False
z7n,Hf:0.11371892|Li:0.04805812|O:0.67057837|P:0.16764459,3,-7.036212172654444,-6.391461528710448,0.042618618295135725,0.6025600338607449,0.6447506439439961,False,False
z9y,Al:0.01098901|Li:0.06593407|O:0.65934066|P:0.16483516|Ti:0.09890110,4,-2.4710832997223453,-3.315203812569689,0.048645742250808935,0.1677055750447197,0.8441205128473439,False,False
za6,Al:0.00552486|Ge:0.10497238|Li:0.06077348|O:0.66298343|P:0.16574586,1,-5.5376020021010435,-5.174557432644899,0.1388677288293874,0.67725465428727,0.36304456945614483,False,False
zfg,La:0.12738854|Li:0.27813163|O:0.50955414|Ta:0.01910828|Zr:0.06581741,1,-3.3979400086720375,-3.2514863515198535,0.03819324286835176,0.10016692750161967,0.14645365715218395,False,False
znj,Ge:0.03703704|I:0.07407407|Li:0.48148148|P:0.03703704|S:0.37037037,3,-2.7304870557820835,-2.7810627452877172,0.13792960936300167,0.26329942604076717,0.050575689505633736,False,True
zqx,La:0.12711864|Li:0.27966102|O:0.50847458|Ta:0.01694915|Zr:0.06779661,4,-3.136677139879544,-3.252148290363237,0.02329519108975247,0.174307851528622,0.11547115048369294,False,False
zxr,La:0.08695652|Li:0.26086957|O:0.52173913|Sr:0.04347826|Ta:0.08695652,5,-5.267606240177032,-5.020633036189936,0.05674884599627872,2.37305974718,0.2469732039870962,False,False
zyx,La:0.13636364|Li:0.22727273|Nb:0.08181818|O:0.54545455|Y:0.00909091,5,-5.039529222465701,-4.831816851797995,0.11309034644683222,0.42656739156467677,0.2077123706677062,False,False
zzr,Ge:0.04000000|Li:0.40000000|P:0.08000000|S:0.48000000,1,-2.1191864077192086,-2.109758562023112,0.07786045371528107,0.7645510540774337,0.009427845696096782,False,True
