record_id,source_split,composition_key,log10_sigma,censored,censor_direction
jqc,official_train,Bi:0.07142857|Li:0.50000000|O:0.42857143,-5.800000874803203,False,
oi6,official_train,Li:0.50000000|O:0.42857143|Sb:0.07142857,-7.173925197299173,False,
2t8,official_train,F:0.12500000|Li:0.12500000|O:0.50000000|P:0.12500000|V:0.12500000,-6.0915149811213505,False,
47i,official_train,Li:0.30769231|O:0.53846154|P:0.15384615,-10.0,True,<
clt,official_train,B:0.19047619|Cu:0.04761905|Li:0.28571429|O:0.47619048,-13.0,False,
ix1,official_train,Hf:0.11274282|Li:0.05074821|O:0.66920718|P:0.16730179,-6.494850021680094,False,
bq9,official_train,Bi:0.14285714|Li:0.42857143|O:0.42857143,-9.619788758288394,False,
skm,official_train,Bi:0.09090909|Li:0.45454545|O:0.45454545,-8.4089353929735,False,
pwr,official_train,Li:0.41927991|O:0.46457607|P:0.02903600|Si:0.08710801,-6.785156151952302,False,
b4c,official_train,Li:0.44444444|S:0.44444444|Si:0.11111111,-7.798602875679548,False,
7se,official_train,Li:0.43181818|P:0.02272727|S:0.45454545|Si:0.09090909,-6.090979145788844,False,
5e2,official_train,Li:0.41860465|P:0.04651163|S:0.46511628|Si:0.06976744,-4.1432711096171175,False,
dj2,official_train,Li:0.40476190|P:0.07142857|S:0.47619048|Si:0.04761905,-3.1791420105603,False,
10u,official_train,Li:0.39024390|P:0.09756098|S:0.48780488|Si:0.02439024,-5.494850021680094,False,
y2l,official_train,Al:0.10000000|Li:0.50000000|S:0.40000000,-8.853871964321762,False,
gl0,official_train,Al:0.02173913|Li:0.45652174|S:0.43478261|Si:0.08695652,-7.619788758288394,False,
wmr,official_train,Al:0.04255319|Li:0.46808511|S:0.42553191|Si:0.06382979,-7.515700160653214,False,
xxq,official_train,Al:0.06250000|Li:0.47916667|S:0.41666667|Si:0.04166667,-7.835647144215563,False,
h8o,official_train,Al:0.08163265|Li:0.48979592|S:0.40816327|Si:0.02040816,-6.640164517660112,False,
pe2,official_train,Li:0.29310345|S:0.48275862|Sb:0.22413793,-8.978810700930062,False,
opo,official_train,Li:0.22222222|S:0.55555556|Sn:0.22222222,-3.9208187539523753,False,
lkm,official_train,Ge:0.13333333|Li:0.40000000|O:0.46666667,-6.070581074285707,False,
bv2,official_train,Li:0.25000000|O:0.50000000|Y:0.25000000,-7.7447274948966935,False,
be9,official_train,Br:0.66666667|Ga:0.16666667|Li:0.16666667,-5.154901959985743,False,
n27,official_train,B:0.25000000|Li:0.25000000|O:0.50000000,-8.0,False,
goi,official_train,C:0.21428571|Cl:0.07142857|H:0.50000000|Li:0.07142857|N:0.07142857|O:0.07142857,-3.795880017344075,False,
lrh,official_train,Li:0.12820513|O:0.61538462|P:0.15384615|V:0.10256410,-6.721246399047171,False,
1xt,official_train,Li:0.25000000|O:0.50000000|Sb:0.25000000,-10.0,True,<
kbo,official_train,Al:0.05000000|Li:0.10000000|O:0.60000000|P:0.15000000|Sr:0.10000000,-10.0,True,<
5zv,official_train,Li:0.26666667|O:0.53333333|P:0.13333333|Zn:0.06666667,-17.255707016877324,False,
5bz,official_train,B:0.16666667|Li:0.50000000|N:0.33333333,-7.060480747381382,False,
883,official_train,Al:0.16666667|H:0.66666667|Li:0.16666667,-8.060480747381382,False,
uu4,official_train,Li:0.20000000|O:0.60000000|V:0.20000000,-8.688246138944246,False,
tws,official_train,Li:0.40000000|O:0.46666667|Zr:0.13333333,-9.2839966563652,False,
l9v,official_train,Al:0.10000000|F:0.60000000|Li:0.30000000,-6.301029995663981,False,
t0h,official_train,Li:0.33333333|O:0.50000000|Zr:0.16666667,-9.214670164989233,False,
4kt,official_train,Cl:0.57142857|Cr:0.14285714|Li:0.28571429,-10.0,True,<
xas,official_train,Li:0.33333333|S:0.50000000|Sn:0.16666667,-4.823908740944319,False,
kfp,official_train,Ba:0.08333333|Li:0.16666667|O:0.58333333|P:0.16666667,-16.796203144042632,False,
qy4,official_train,Li:0.16666667|Na:0.27777778|S:0.44444444|Ti:0.11111111,-5.055517327849832,False,
00x,official_train,Gd:0.05555556|Li:0.05555556|O:0.66666667|P:0.22222222,-10.0,True,<
9wf,official_train,Er:0.10000000|I:0.60000000|Li:0.30000000,-3.1870866433571443,False,
dmq,official_train,Al:0.14285714|Li:0.42857143|S:0.42857143,-7.882728704344236,False,
uox,official_train,Ga:0.02040816|Li:0.25170068|O:0.54421769|P:0.13605442|Zn:0.04761905,-11.247951552180561,False,
joc,official_train,Li:0.37500000|P:0.12500000|S:0.50000000,-6.585026652029182,False,
mq1,official_train,Li:0.37500000|S:0.50000000|Sb:0.12500000,-8.318758762624412,False,
ssv,official_train,Li:0.37500000|O:0.50000000|P:0.02500000|V:0.10000000,-12.882728704344236,False,
h6c,official_train,Li:0.37500000|O:0.50000000|V:0.12500000,-13.036212172654444,False,
bsa,official_train,Ga:0.25000000|Li:0.25000000|O:0.50000000,-13.619788758288394,False,
mde,official_train,B:0.35294118|F:0.05882353|Li:0.05882353|O:0.52941176,-10.0,True,<
1e9,official_train,Li:0.42857143|S:0.42857143|Sb:0.14285714,-9.0,False,
an2,official_train,Cl:0.15384615|Li:0.46153846|O:0.30769231|Si:0.07692308,-10.0,False,
tka,official_train,Li:0.16666667|N:0.50000000|Si:0.33333333,-7.209714835966758,False,
cdk,official_train,Li:0.33333333|N:0.16666667|O:0.33333333|P:0.16666667,-10.0,True,<
fwz,official_train,Li:0.33333333|S:0.50000000|Si:0.16666667,-5.698970004336019,False,
hln,official_train,Ga:0.20000000|Ge:0.10000000|Li:0.10000000|S:0.60000000,-7.42021640338319,False,
cy2,official_train,La:0.13559322|Li:0.01694915|O:0.63559322|Ti:0.21186441,-3.474955192963155,False,
5tl,official_train,La:0.13025210|Li:0.02941176|O:0.63025210|Ti:0.21008403,-3.354577730650908,False,
u2y,official_train,La:0.12370062|Li:0.04469854|O:0.62370062|Ti:0.20790021,-3.0690509688324767,False,
kxh,official_train,Li:0.06924644|O:0.61303462|Pr:0.11405295|Ti:0.20366599,-6.0,False,
3we,official_train,Li:0.06952965|Nd:0.11247444|O:0.61349693|Ti:0.20449898,-7.096910013008056,False,
5z0,official_train,Al:0.10000000|Li:0.50000000|O:0.40000000,-9.301029995663981,False,
472,official_train,F:0.03448276|Li:0.24137931|N:0.32758621|Nd:0.08620690|O:0.12068966|Si:0.18965517,-9.769551078621726,False,
9zk,official_train,Ga:0.10000000|Li:0.50000000|O:0.40000000,-8.301029995663981,False,
dnt,official_train,Cr:0.05263158|Li:0.10526316|O:0.63157895|P:0.15789474|Ti:0.05263158,-6.355561410532162,False,
g5g,official_train,Cr:0.05263158|Li:0.10526316|O:0.63157895|P:0.15789474|Zr:0.05263158,-6.228412519118745,False,
hpu,official_train,Cr:0.05263158|Hf:0.05263158|Li:0.10526316|O:0.63157895|P:0.15789474,-7.376750709602099,False,
c6h,official_train,Fe:0.05263158|Li:0.10526316|O:0.63157895|P:0.15789474|Ti:0.05263158,-6.476253533188435,False,
vzu,official_train,Fe:0.05263158|Li:0.10526316|O:0.63157895|P:0.15789474|Zr:0.05263158,-6.841637507904751,False,
a3e,official_train,Hf:0.05263158|In:0.05263158|Li:0.10526316|O:0.63157895|P:0.15789474,-7.562249437179612,False,
ubi,official_train,In:0.05263158|Li:0.10526316|O:0.63157895|P:0.15789474|Ti:0.05263158,-5.080921907623926,False,
9z8,official_train,In:0.05263158|Li:0.10526316|O:0.63157895|P:0.15789474|Zr:0.05263158,-7.0851281824599495,False,
nhq,official_train,Li:0.37500000|P:0.12500000|S:0.50000000,-6.049148541111453,False,
w7d,official_train,Li:0.37500000|O:0.50000000|P:0.12500000,-17.3767507096021,False,
fj5,official_train,Li:0.39393939|O:0.48484848|P:0.09090909|Si:0.03030303,-6.347753658996677,False,
gxz,official_train,Li:0.26666667|O:0.53333333|P:0.13333333|Zn:0.06666667,-10.0,True,<
tbu,official_train,Ga:0.03448276|Li:0.24137931|O:0.55172414|P:0.13793103|Zn:0.03448276,-10.0,True,<
uxo,official_train,Li:0.37161290|N:0.01806452|O:0.48129032|P:0.12903226,-12.853871964321762,False,
e6b,official_train,Ge:0.11111111|Li:0.44444444|S:0.44444444,-6.698970004336019,False,
pbz,official_train,Ge:0.08571429|Li:0.42857143|O:0.45714286|V:0.02857143,-5.247183568811729,False,
7ek,official_train,Ge:0.09770115|Li:0.42528736|O:0.45977011|W:0.01724138,-4.42021640338319,False,
86k,official_train,Ca:0.08695652|Li:0.04347826|O:0.65217391|Ta:0.21739130,-8.452225294612177,False,
kmv,official_train,Li:0.44444444|S:0.44444444|Sn:0.11111111,-4.154901959985743,False,
n7a,official_train,Cl:0.63157895|Li:0.26315789|Y:0.05263158|Zr:0.05263158,-2.853871964321762,False,
i6k,official_train,Li:0.07802875|O:0.60985626|Sm:0.10677618|Ti:0.20533881,-6.698970004336019,False,
x94,official_train,Li:0.44444444|S:0.44444444|Si:0.11111111,-7.30715308072277,False,
e6e,official_train,Ge:0.02439024|Li:0.39024390|O:0.48780488|P:0.09756098,-5.943095148663527,False,
ylh,official_train,Ge:0.02439024|Li:0.39024390|O:0.48780488|V:0.09756098,-4.721246399047171,False,
eij,official_train,Ge:0.04761905|Li:0.40476190|O:0.47619048|P:0.07142857,-5.346787486224656,False,
ldd,official_train,Ge:0.04761905|Li:0.40476190|O:0.47619048|V:0.07142857,-6.051098239029787,False,
efb,official_train,Ge:0.06976744|Li:0.41860465|O:0.46511628|P:0.04651163,-4.958607314841775,False,
lcm,official_train,Ge:0.06976744|Li:0.41860465|O:0.46511628|V:0.04651163,-4.496209316942819,False,
mgs,official_train,Ge:0.09090909|Li:0.43181818|O:0.45454545|P:0.02272727,-5.987162775294828,False,
31s,official_train,Ge:0.09090909|Li:0.43181818|O:0.45454545|V:0.02272727,-5.567030709125595,False,
dku,official_train,Li:0.37500000|O:0.50000000|P:0.05000000|V:0.07500000,-12.449771646944907,False,
ndx,official_train,Li:0.37500000|O:0.50000000|P:0.07500000|V:0.05000000,-12.494850021680094,False,
m0j,official_train,Li:0.37500000|O:0.50000000|P:0.10000000|V:0.02500000,-12.688246138944246,False,
9lo,official_train,Li:0.37500000|O:0.50000000|P:0.12500000,-12.756961951313706,False,
dth,official_train,Ge:0.11111111|Li:0.44444444|O:0.44444444,-11.886056647693163,False,
45e,official_train,Br:0.57142857|Li:0.28571429|Mg:0.14285714,-9.10790539730952,False,
x2i,official_train,Bi:0.25000000|Li:0.25000000|O:0.50000000,-7.42021640338319,False,
xz4,official_train,Ce:0.08333333|Li:0.08333333|Mo:0.16666667|O:0.66666667,-7.886056647693163,False,
hja,official_train,Ce:0.04166667|Li:0.08333333|Mo:0.16666667|O:0.66666667|Pr:0.04166667,-9.0,False,
3nb,official_train,Ce:0.04166667|Li:0.08333333|Mo:0.16666667|O:0.66666667|Sm:0.04166667,-9.744727494896694,False,
qa9,official_train,B:0.16666667|Li:0.50000000|N:0.33333333,-9.795880017344075,False,
ihb,official_train,Al:0.00204499|F:0.00204499|La:0.11451943|Li:0.06748466|O:0.61145194|Ti:0.20245399,-3.0087739243075053,False,
3k7,official_train,Al:0.00408998|F:0.00408998|La:0.11451943|Li:0.06748466|O:0.60940695|Ti:0.20040900,-2.9746941347352296,False,
1sz,official_train,Al:0.00613497|F:0.00613497|La:0.11451943|Li:0.06748466|O:0.60736196|Ti:0.19836401,-3.032452023781138,False,
yh8,official_train,Al:0.00817996|F:0.00817996|La:0.11451943|Li:0.06748466|O:0.60531697|Ti:0.19631902,-3.2062096153091812,False,
coh,official_train,Al:0.01022495|F:0.01022495|La:0.11451943|Li:0.06748466|O:0.60327198|Ti:0.19427403,-3.75448733218585,False,
1pw,official_train,Al:0.01226994|F:0.01226994|La:0.11451943|Li:0.06748466|O:0.60122699|Ti:0.19222904,-3.9746941347352296,False,
bw3,official_train,Al:0.01431493|F:0.01431493|La:0.11451943|Li:0.06748466|O:0.59918200|Ti:0.19018405,-3.1904402853647325,False,
my5,official_train,Al:0.01635992|F:0.01635992|La:0.11451943|Li:0.06748466|O:0.59713701|Ti:0.18813906,-3.306273051076353,False,
hta,official_train,La:0.11601643|Li:0.06262834|O:0.61601643|Ti:0.20533881,-3.0190880622231564,False,
s3h,official_train,La:0.10000000|Li:0.10000000|O:0.60000000|Ti:0.20000000,-3.0338582672609675,False,
nua,official_train,La:0.14285714|Li:0.14285714|O:0.57142857|Ti:0.14285714,-10.0,True,<
3rx,official_train,Li:0.14285714|Nd:0.14285714|O:0.57142857|Ti:0.14285714,-10.0,True,<
7e5,official_train,La:0.13829787|Li:0.01063830|Mg:0.10638298|O:0.63829787|W:0.10638298,-6.7447274948966935,False,
sib,official_train,La:0.13291139|Li:0.02320675|Mg:0.10548523|O:0.63291139|W:0.10548523,-5.167491087293763,False,
r99,official_train,La:0.13025210|Li:0.02941176|Mg:0.10504202|O:0.63025210|W:0.10504202,-4.920818753952375,False,
lol,official_train,I:0.10000000|Li:0.40000000|P:0.10000000|S:0.40000000,-3.9208187539523753,False,
d7f,official_train,Bi:0.12500000|Li:0.37500000|O:0.50000000,-9.387216143280265,False,
52b,official_train,Ge:0.04191617|Li:0.40119760|P:0.07784431|S:0.47904192,-1.9136401693252518,False,
8po,official_train,Ge:0.04761905|Li:0.40476190|P:0.07142857|S:0.47619048,-1.8794260687941502,False,
ya8,official_train,Ge:0.05882353|Li:0.41176471|P:0.05882353|S:0.47058824,-1.958607314841775,False,
j8q,official_train,Ge:0.04000000|Li:0.40000000|P:0.08000000|S:0.48000000,-1.91721462968355,False,
824,official_train,Ge:0.05325444|Li:0.40828402|P:0.06508876|S:0.47337278,-1.8416375079047504,False,
mqo,official_train,Li:0.40828402|P:0.06508876|S:0.47337278|Si:0.05325444,-2.171984935776023,False,
izs,official_train,Li:0.41002950|P:0.06194690|S:0.47197640|Si:0.05604720,-2.2781893847874533,False,
8nc,official_train,Li:0.40652819|P:0.06824926|S:0.47477745|Si:0.05044510,-2.2479515521805613,False,
3sx,official_train,Li:0.40476190|P:0.07142857|S:0.47619048|Si:0.04761905,-2.3757179041643317,False,
xga,official_train,Li:0.40011998|P:0.08038392|S:0.47990402|Sn:0.03959208,-2.4282911681913126,False,
xn9,official_train,Li:0.39759036|P:0.08433735|S:0.48192771|Sn:0.03614458,-2.4377071355435254,False,
sg4,official_train,Li:0.39649970|P:0.08690404|S:0.48280024|Sn:0.03379602,-2.360513510731414,False,
ns3,official_train,Li:0.39540508|P:0.08827086|S:0.48367594|Sn:0.03264813,-2.3045183235098023,False,
g8j,official_train,Li:0.39467312|P:0.08958838|S:0.48426150|Sn:0.03147700,-2.343901797987168,False,
bim,official_train,Li:0.39393939|P:0.09090909|S:0.48484848|Sn:0.03030303,-2.4436974992327127,False,
02p,official_train,Li:0.40000000|P:0.08000000|S:0.48000000|Si:0.04000000,-2.638272163982407,False,
9lx,official_train,Li:0.40000000|P:0.08000000|S:0.48000000|Sn:0.04000000,-2.154901959985743,False,
mtn,official_train,Ge:0.04000000|Li:0.40000000|P:0.08000000|S:0.48000000,-1.609064892896621,False,
9rc,official_train,Ge:0.03100000|Li:0.40000000|P:0.08000000|S:0.48000000|Sn:0.00900000,-1.85078088734462,False,
13q,official_train,Li:0.40000000|P:0.08000000|S:0.48000000|Sn:0.04000000,-2.4001169279263124,False,
ik8,official_train,Ge:0.01660000|Li:0.40000000|P:0.08000000|S:0.48000000|Sn:0.02340000,-2.1290111862394245,False,
nip,official_train,Li:0.39540508|P:0.08827086|S:0.48367594|Sn:0.03264813,-2.2596373105057563,False,
1hh,official_train,Ge:0.04000000|Li:0.40000000|P:0.08000000|S:0.48000000,-1.9208187539523751,False,
8ub,official_train,Li:0.41176471|P:0.05882353|S:0.47058824|Si:0.04705882|Sn:0.01176471,-2.0560111249262283,False,
7tu,official_train,Li:0.40476190|P:0.07142857|S:0.47619048|Si:0.03809524|Sn:0.00952381,-2.106793246940152,False,
ui6,official_train,Li:0.40828402|P:0.06508876|S:0.47337278|Si:0.04260355|Sn:0.01065089,-1.958607314841775,False,
nkr,official_train,Ge:0.04000000|Li:0.40000000|P:0.08000000|S:0.48000000,-2.844663962534938,False,
906,official_train,Ba:0.00401606|Ge:0.04016064|Li:0.39357430|P:0.08032129|S:0.48192771,-3.251037138743839,False,
fnu,official_train,Ba:0.00806452|Ge:0.04032258|Li:0.38709677|P:0.08064516|S:0.48387097,-3.2426039712069756,False,
pfi,official_train,Ba:0.01214575|Ge:0.04048583|Li:0.38056680|P:0.08097166|S:0.48582996,-3.1505805862031004,False,
f0h,official_train,Ba:0.01626016|Ge:0.04065041|Li:0.37398374|P:0.08130081|S:0.48780488,-3.500312917381596,False,
7iw,official_train,Ba:0.02040816|Ge:0.04081633|Li:0.36734694|P:0.08163265|S:0.48979592,-4.000869458712629,False,
ikh,official_train,Li:0.39024390|P:0.12195122|S:0.48780488,-2.9208187539523753,False,
hd3,official_train,Ge:0.05882353|Li:0.41176471|P:0.05882353|S:0.47058824,-2.154901959985743,False,
ete,official_train,Cl:0.01213592|Li:0.38592233|P:0.05825243|S:0.47330097|Si:0.07038835,-1.6020599913279623,False,
k4x,official_train,Li:0.40828402|P:0.06508876|S:0.47337278|Si:0.05325444,-2.1870866433571443,False,
ia5,official_train,La:0.09090909|Li:0.09090909|Nb:0.18181818|O:0.63636364,-8.0,True,<
sg0,official_train,Li:0.25000000|O:0.50000000|Sc:0.25000000,-10.0,True,<
97b,official_train,Li:0.23076923|O:0.51282051|Sc:0.23076923|Zr:0.02564103,-10.0,True,<
wyu,official_train,La:0.12500000|Li:0.29166667|O:0.50000000|Zr:0.08333333,-5.787812395596042,False,
019,official_train,Li:0.05555556|O:0.66666667|P:0.16666667|Ti:0.11111111,-3.7931741239681505,False,
yqu,official_train,Al:0.01098901|Li:0.06593407|O:0.65934066|P:0.16483516|Ti:0.09890110,-2.3169529617611504,False,
95j,official_train,Al:0.10000000|H:0.60000000|Li:0.30000000,-6.853871964321762,False,
0iv,official_train,Li:0.33333333|P:0.16666667|S:0.50000000,-6.623423042943488,False,
2ro,official_train,Li:0.33333333|P:0.16666667|S:0.50000000,-9.795880017344075,False,
deu,official_train,Al:0.04255319|Ge:0.06382979|Li:0.46808511|S:0.42553191,-4.366531544420414,False,
usu,official_train,Al:0.04255319|Li:0.46808511|S:0.42553191|Sn:0.06382979,-5.366531544420414,False,
ur9,official_train,Li:0.05555556|O:0.66666667|P:0.16666667|Zr:0.11111111,-9.0,False,
0o6,official_train,Li:0.06593407|O:0.65934066|P:0.16483516|Sc:0.01098901|Ti:0.09890110,-4.000869458712629,False,
a3l,official_train,Hf:0.11111111|Li:0.05555556|O:0.66666667|P:0.16666667,-6.54821356447571,False,
4ba,official_train,Ge:0.11111111|Li:0.05555556|O:0.66666667|P:0.16666667,-6.47755576649368,False,
qea,official_train,Li:0.05555556|O:0.66666667|P:0.16666667|Ti:0.11111111,-5.698970004336019,False,
ldx,official_train,Ge:0.11111111|Li:0.05555556|O:0.66666667|P:0.16666667,-8.316052869248487,False,
0fh,official_train,Al:0.01098901|Ge:0.09890110|Li:0.06593407|O:0.65934066|P:0.16483516,-4.316052869248487,False,
gw2,official_train,Al:0.02173913|Ge:0.08695652|Li:0.07608696|O:0.65217391|P:0.16304348,-3.72584215073632,False,
1xf,official_train,Al:0.02702703|Ge:0.08108108|Li:0.08108108|O:0.64864865|P:0.16216216,-3.473660722610156,False,
tjh,official_train,Al:0.03743316|Ge:0.06951872|Li:0.09090909|O:0.64171123|P:0.16042781,-3.5783960731301687,False,
8fn,official_train,Al:0.04255319|Ge:0.06382979|Li:0.09574468|O:0.63829787|P:0.15957447,-3.8632794328435933,False,
mdj,official_train,Li:0.06593407|O:0.65934066|P:0.15384615|Si:0.01098901|Ti:0.10989011,-4.0655015487564325,False,
t1l,official_train,Li:0.07103825|O:0.65573770|P:0.14754098|Si:0.01639344|Ti:0.10928962,-3.494850021680094,False,
my9,official_train,Al:0.01098901|Li:0.06593407|O:0.65934066|P:0.16483516|Ti:0.09890110,-3.2254830342714502,False,
9s4,official_train,Al:0.01639344|Li:0.07103825|O:0.65573770|P:0.16393443|Ti:0.09289617,-3.141462802430361,False,
iqt,official_train,Al:0.02173913|Li:0.07608696|O:0.65217391|P:0.16304348|Ti:0.08695652,-3.4111682744057927,False,
xa0,official_train,Al:0.02702703|Li:0.08108108|O:0.64864865|P:0.16216216|Ti:0.08108108,-3.6055483191737836,False,
f4x,official_train,Cr:0.01098901|Li:0.06593407|O:0.65934066|P:0.16483516|Ti:0.09890110,-4.739928612014925,False,
txm,official_train,Cr:0.01639344|Li:0.07103825|O:0.65573770|P:0.16393443|Ti:0.09289617,-4.454692883534176,False,
v1t,official_train,Cr:0.02173913|Li:0.07608696|O:0.65217391|P:0.16304348|Ti:0.08695652,-3.826813731587726,False,
d6b,official_train,Cr:0.02702703|Li:0.08108108|O:0.64864865|P:0.16216216|Ti:0.08108108,-3.413412695328245,False,
x9a,official_train,Ga:0.01098901|Li:0.06593407|O:0.65934066|P:0.16483516|Ti:0.09890110,-3.7904849854573692,False,
3ta,official_train,Ga:0.01639344|Li:0.07103825|O:0.65573770|P:0.16393443|Ti:0.09289617,-3.583359492661719,False,
gjy,official_train,Ga:0.02173913|Li:0.07608696|O:0.65217391|P:0.16304348|Ti:0.08695652,-3.8927900303521317,False,
lz8,official_train,Ga:0.02702703|Li:0.08108108|O:0.64864865|P:0.16216216|Ti:0.08108108,-3.9136401693252516,False,
6st,official_train,Fe:0.01098901|Li:0.06593407|O:0.65934066|P:0.16483516|Ti:0.09890110,-3.744727494896694,False,
t9r,official_train,Fe:0.01639344|Li:0.07103825|O:0.65573770|P:0.16393443|Ti:0.09289617,-3.6090648928966207,False,
xr7,official_train,Fe:0.02173913|Li:0.07608696|O:0.65217391|P:0.16304348|Ti:0.08695652,-3.406713932979543,False,
pg8,official_train,Fe:0.02702703|Li:0.08108108|O:0.64864865|P:0.16216216|Ti:0.08108108,-3.7594507517174,False,
1wm,official_train,Li:0.06593407|O:0.65934066|P:0.16483516|Sc:0.01098901|Ti:0.09890110,-3.161150909262745,False,
do2,official_train,Li:0.07103825|O:0.65573770|P:0.16393443|Sc:0.01639344|Ti:0.09289617,-3.153044674980176,False,
uaj,official_train,Li:0.07608696|O:0.65217391|P:0.16304348|Sc:0.02173913|Ti:0.08695652,-3.288192770958809,False,
5u3,official_train,In:0.01098901|Li:0.06593407|O:0.65934066|P:0.16483516|Ti:0.09890110,-3.408935392973501,False,
2eq,official_train,In:0.01639344|Li:0.07103825|O:0.65573770|P:0.16393443|Ti:0.09289617,-3.4056074496245734,False,
yn6,official_train,In:0.02173913|Li:0.07608696|O:0.65217391|P:0.16304348|Ti:0.08695652,-3.5199930570428495,False,
8jy,official_train,In:0.02702703|Li:0.08108108|O:0.64864865|P:0.16216216|Ti:0.08108108,-3.6903698325741012,False,
p4l,official_train,La:0.01098901|Li:0.06593407|O:0.65934066|P:0.16483516|Ti:0.09890110,-4.096910013008056,False,
qkr,official_train,La:0.01639344|Li:0.07103825|O:0.65573770|P:0.16393443|Ti:0.09289617,-3.281498311132726,False,
e0z,official_train,La:0.02173913|Li:0.07608696|O:0.65217391|P:0.16304348|Ti:0.08695652,-3.3027706572402824,False,
vus,official_train,La:0.02702703|Li:0.08108108|O:0.64864865|P:0.16216216|Ti:0.08108108,-3.55129368009492,False,
h7r,official_train,Li:0.05555556|O:0.66666667|P:0.16666667|Sn:0.03333333|Ti:0.07777778,-4.642065152999546,False,
9ky,official_train,Li:0.05555556|O:0.66666667|P:0.16666667|Sn:0.07777778|Ti:0.03333333,-5.025949097207123,False,
4ea,official_train,Li:0.05555556|O:0.66666667|P:0.16666667|Sn:0.08888889|Ti:0.02222222,-5.501689446210399,False,
z7n,official_train,Hf:0.11371892|Li:0.04805812|O:0.67057837|P:0.16764459,-7.036212172654444,False,
7kf,official_train,Al:0.01612903|Li:0.09139785|O:0.64516129|P:0.16129032|Ti:0.08602151,-2.9136401693252516,False,
i8k,official_train,In:0.01098901|Li:0.06593407|O:0.65934066|P:0.16483516|Ti:0.09890110,-4.0851281824599495,False,
hzf,official_train,Al:0.01092896|Li:0.07103825|O:0.65573770|P:0.16393443|Sc:0.00546448|Ti:0.09289617,-3.0123337350737254,False,
x61,official_train,Al:0.00819672|Li:0.07103825|O:0.65573770|P:0.16393443|Sc:0.00819672|Ti:0.09289617,-2.906578314837765,False,
czo,official_train,Al:0.00546448|Li:0.07103825|O:0.65573770|P:0.16393443|Sc:0.01092896|Ti:0.09289617,-3.3675427078152755,False,
o8s,official_train,Li:0.07103825|O:0.65573770|P:0.16393443|Sc:0.01639344|Ti:0.09289617,-3.344861565188618,False,
lap,official_train,Al:0.01639344|Li:0.07103825|O:0.65573770|P:0.16393443|Ti:0.09289617,-2.9469215565165805,False,
yp3,official_train,Li:0.05555556|O:0.66666667|P:0.16666667|Ti:0.11111111,-4.221848749616356,False,
tzl,official_train,Al:0.00277008|Li:0.05817175|O:0.66481994|P:0.16620499|Ti:0.10803324,-2.958607314841775,False,
hyj,official_train,Al:0.00552486|Li:0.06077348|O:0.66298343|P:0.16574586|Ti:0.10497238,-3.1739251972991736,False,
mg4,official_train,Al:0.01639344|Li:0.07103825|O:0.65573770|P:0.16393443|Ti:0.09289617,-2.207608310501746,False,
50s,official_train,Al:0.02173913|Li:0.07608696|O:0.65217391|P:0.16304348|Ti:0.08695652,-2.4814860601221125,False,
d4q,official_train,Cr:0.00277008|Li:0.05817175|O:0.66481994|P:0.16620499|Ti:0.10803324,-3.744727494896694,False,
6he,official_train,Cr:0.00552486|Li:0.06077348|O:0.66298343|P:0.16574586|Ti:0.10497238,-3.5850266520291822,False,
pwy,official_train,Cr:0.01098901|Li:0.06593407|O:0.65934066|P:0.16483516|Ti:0.09890110,-3.3665315444204134,False,
y9l,official_train,Cr:0.01639344|Li:0.07103825|O:0.65573770|P:0.16393443|Ti:0.09289617,-3.537602002101044,False,
rc1,official_train,Fe:0.00277008|Li:0.05817175|O:0.66481994|P:0.16620499|Ti:0.10803324,-3.886056647693163,False,
lzt,official_train,Fe:0.00552486|Li:0.06077348|O:0.66298343|P:0.16574586|Ti:0.10497238,-3.2006594505464183,False,
kbp,official_train,Fe:0.01098901|Li:0.06593407|O:0.65934066|P:0.16483516|Ti:0.09890110,-2.853871964321762,False,
b9u,official_train,Fe:0.01639344|Li:0.07103825|O:0.65573770|P:0.16393443|Ti:0.09289617,-2.638272163982407,False,
3uq,official_train,Al:0.01639344|Ge:0.09289617|Li:0.07103825|O:0.65573770|P:0.16393443,-4.084072788302884,False,
1dm,official_train,Al:0.03225806|Ge:0.07526882|Li:0.08602151|O:0.64516129|P:0.16129032,-3.5466816599529625,False,
rg6,official_train,Al:0.02173913|Li:0.07608696|O:0.65217391|P:0.16304348|Ti:0.08695652,-2.4710832997223453,False,
ed4,official_train,Al:0.01098901|Ge:0.09890110|Li:0.06593407|O:0.65934066|P:0.16483516,-4.100179497572904,False,
vg0,official_train,Al:0.02702703|Ge:0.08108108|Li:0.08108108|O:0.64864865|P:0.16216216,-3.721246399047171,False,
z9y,official_train,Al:0.01098901|Li:0.06593407|O:0.65934066|P:0.16483516|Ti:0.09890110,-2.4710832997223453,False,
w3n,official_train,Al:0.02173913|Li:0.07608696|O:0.65217391|P:0.16304348|Ti:0.08695652,-2.9507819773298185,False,
ym6,official_train,Al:0.01639344|Li:0.07103825|O:0.65573770|P:0.16393443|Ti:0.09289617,-2.91721462968355,False,
nng,official_train,Al:0.03225806|Ge:0.04301075|Li:0.08602151|O:0.64516129|P:0.16129032|Ti:0.03225806,-3.154901959985743,False,
qno,official_train,Li:0.05555556|O:0.66666667|P:0.16666667|Ti:0.11111111,-6.416801226031377,False,
oxc,official_train,Al:0.02173913|Li:0.07608696|O:0.65217391|P:0.16304348|Ti:0.08695652,-2.2494916051486538,False,
dq4,official_train,Al:0.00546448|Li:0.07103825|O:0.65573770|P:0.16393443|Sc:0.01092896|Ti:0.09289617,-3.370590400897281,False,
0fa,official_train,Al:0.01092896|Li:0.07103825|O:0.65573770|P:0.16393443|Sc:0.00546448|Ti:0.09289617,-3.570247719997592,False,
rr5,official_train,Li:0.05555556|O:0.66666667|P:0.16666667|Ti:0.11111111,-4.142667503568732,False,
6j9,official_train,Fe:0.00826446|Li:0.06336088|O:0.66115702|P:0.16528926|Ti:0.10192837,-3.282329496997738,False,
0x9,official_train,Li:0.06593407|O:0.65934066|P:0.16483516|Sc:0.01098901|Ti:0.09890110,-3.6090648928966207,False,
iwe,official_train,Li:0.07103825|O:0.65573770|P:0.16393443|Sc:0.01639344|Ti:0.09289617,-3.39040559077478,False,
ib2,official_train,Li:0.06077348|O:0.66298343|P:0.16574586|Sc:0.00552486|Ti:0.10497238,-3.8013429130455774,False,
ppz,official_train,Hf:0.09289617|In:0.01639344|Li:0.07103825|O:0.65573770|P:0.16393443,-5.0,False,
ci1,official_train,Li:0.05555556|O:0.66666667|P:0.16666667|Ti:0.01111111|Zr:0.10000000,-7.251811972993799,False,
08e,official_train,Li:0.05555556|O:0.66666667|P:0.16666667|Ti:0.10000000|Zr:0.01111111,-7.070581074285707,False,
xkh,official_train,Li:0.05555556|O:0.66666667|P:0.16666667|Ti:0.00555556|Zr:0.10555556,-7.494850021680094,False,
wng,official_train,Hf:0.09890110|In:0.01098901|Li:0.06593407|O:0.65934066|P:0.16483516,-5.3979400086720375,False,
ncr,official_train,Hf:0.11111111|Li:0.05555556|O:0.66666667|P:0.16666667,-6.164309428507575,False,
dx2,official_train,Fe:0.00552486|Hf:0.10497238|Li:0.06077348|O:0.66298343|P:0.16574586,-3.9706162223147903,False,
6xc,official_train,Hf:0.10497238|In:0.00552486|Li:0.06077348|O:0.66298343|P:0.16574586,-4.289882634888183,False,
21m,official_train,Hf:0.10497238|Li:0.06077348|Lu:0.00552486|O:0.66298343|P:0.16574586,-4.230622673923862,False,
4k1,official_train,Hf:0.10497238|Li:0.06077348|O:0.66298343|P:0.16574586|Sc:0.00552486,-4.610833915635467,False,
gzp,official_train,Hf:0.09890110|Li:0.06593407|Lu:0.01098901|O:0.65934066|P:0.16483516,-4.009217308196862,False,
lh8,official_train,Cr:0.01639344|Hf:0.09289617|Li:0.07103825|O:0.65573770|P:0.16393443,-6.279014255846261,False,
ew5,official_train,Fe:0.01639344|Hf:0.09289617|Li:0.07103825|O:0.65573770|P:0.16393443,-4.267606240177032,False,
9l3,official_train,Hf:0.09289617|In:0.01639344|Li:0.07103825|O:0.65573770|P:0.16393443,-3.8477116556169433,False,
jdk,official_train,Hf:0.09289617|Li:0.07103825|Lu:0.01639344|O:0.65573770|P:0.16393443,-4.448550002027125,False,
h8a,official_train,Hf:0.09289617|Li:0.07103825|O:0.65573770|P:0.16393443|Sc:0.01639344,-4.079876673709276,False,
jq7,official_train,Hf:0.09289617|Li:0.07103825|O:0.65573770|P:0.16393443|Y:0.01639344,-4.496209316942819,False,
ylt,official_train,Hf:0.08695652|In:0.02173913|Li:0.07608696|O:0.65217391|P:0.16304348,-3.8477116556169433,False,
gnq,official_train,Hf:0.08695652|Li:0.07608696|Lu:0.02173913|O:0.65217391|P:0.16304348,-4.686132779630847,False,
sso,official_train,Hf:0.08695652|Li:0.07608696|O:0.65217391|P:0.16304348|Y:0.02173913,-4.679853713888946,False,
lpx,official_train,Li:0.06336088|O:0.66115702|P:0.16528926|Y:0.00826446|Zr:0.10192837,-4.1487416512809245,False,
f7p,official_train,Al:0.01092896|Li:0.07103825|O:0.65573770|P:0.16393443|Ti:0.09289617|Y:0.00546448,-3.9208187539523753,False,
l8t,official_train,Al:0.00546448|Li:0.07103825|O:0.65573770|P:0.16393443|Ti:0.09289617|Y:0.01092896,-4.136677139879544,False,
3tt,official_train,Al:0.00819672|Li:0.07103825|O:0.65573770|P:0.16393443|Ti:0.09289617|Y:0.00819672,-4.721246399047171,False,
za6,official_train,Al:0.00552486|Ge:0.10497238|Li:0.06077348|O:0.66298343|P:0.16574586,-5.5376020021010435,False,
ag1,official_train,Al:0.01639344|Ge:0.09289617|Li:0.07103825|O:0.65573770|P:0.16393443,-4.4089353929735005,False,
u5t,official_train,Al:0.02702703|Ge:0.08108108|Li:0.08108108|O:0.64864865|P:0.16216216,-3.552841968657781,False,
0y6,official_train,Al:0.03225806|Ge:0.07526882|Li:0.08602151|O:0.64516129|P:0.16129032,-3.853871964321762,False,
yq2,official_train,Al:0.00552486|Li:0.06077348|O:0.66298343|P:0.16574586|Ti:0.10497238,-4.522878745280337,False,
kab,official_train,Al:0.01639344|Li:0.07103825|O:0.65573770|P:0.16393443|Ti:0.09289617,-4.425968732272281,False,
tp2,official_train,Al:0.03225806|Li:0.08602151|O:0.64516129|P:0.16129032|Ti:0.07526882,-4.638272163982407,False,
nf0,official_train,Al:0.02702703|Li:0.08108108|O:0.64864865|P:0.16216216|Ti:0.08108108,-4.958607314841775,False,
fkt,official_train,La:0.01098901|Li:0.06593407|O:0.65934066|P:0.16483516|Ti:0.09890110,-3.277366077466188,False,
ctg,official_train,La:0.01639344|Li:0.07103825|O:0.65573770|P:0.16393443|Ti:0.09289617,-3.277366077466188,False,
4t5,official_train,Cr:0.05555556|Li:0.05555556|O:0.66666667|P:0.16666667|Sb:0.05555556,-9.447331783887806,False,
smk,official_train,Al:0.05555556|Li:0.05555556|O:0.66666667|P:0.16666667|Sb:0.05555556,-7.498940737782249,False,
vtr,official_train,Fe:0.05555556|Li:0.05555556|O:0.66666667|P:0.16666667|Sb:0.05555556,-5.863279432843593,False,
dc8,official_train,F:0.08571429|Li:0.25714286|Mg:0.08571429|O:0.45714286|P:0.11428571,-10.0,True,<
hai,official_train,Ca:0.04752376|Li:0.04902451|O:0.60030015|P:0.15007504|Pb:0.15307654,-10.0,True,<
tvf,official_train,H:0.40000000|I:0.10000000|Li:0.30000000|N:0.20000000,-5.0,False,
u8r,official_train,Ba:0.07500000|Li:0.02500000|O:0.65000000|Si:0.10000000|Ta:0.12500000|Zr:0.02500000,-10.0,True,<
gvd,official_train,Li:0.75000000|N:0.25000000,-3.2390500485891027,False,
uex,official_train,Fe:0.04000000|K:0.02000000|Li:0.06000000|Na:0.04000000|O:0.60000000|Si:0.24000000,-10.0,True,<
11b,official_train,Li:0.75000000|P:0.25000000,-3.153044674980176,False,
fft,official_train,Li:0.75000000|N:0.25000000,-3.6808939406902237,False,
lf5,official_train,Ba:0.04347826|La:0.08695652|Li:0.26086957|Nb:0.08695652|O:0.52173913,-5.221848749616356,False,
68u,official_train,La:0.13636364|Li:0.22727273|Nb:0.09090909|O:0.54545455,-5.096910013008056,False,
gyw,official_train,La:0.08695652|Li:0.26086957|O:0.52173913|Sr:0.04347826|Ta:0.08695652,-5.376750709602099,False,
0v9,official_train,In:0.01111111|La:0.13333333|Li:0.24444444|Nb:0.07777778|O:0.53333333,-4.619788758288394,False,
qtc,official_train,K:0.01111111|La:0.12222222|Li:0.24444444|Nb:0.08888889|O:0.53333333,-4.97469413473523,False,
vy5,official_train,K:0.02000000|Li:0.18000000|O:0.60000000|Sb:0.20000000,-7.866461091629782,False,
rwr,official_train,Ge:0.07692308|Li:0.61538462|P:0.30769231,-4.7447274948966935,False,
pql,official_train,Li:0.61538462|P:0.30769231|Si:0.07692308,-4.346787486224656,False,
dl7,official_train,Li:0.14285714|Mg:0.07142857|O:0.57142857|Ti:0.21428571,-10.0,True,<
i12,official_train,Co:0.07142857|Li:0.14285714|O:0.57142857|Ti:0.21428571,-10.0,True,<
aui,official_train,Co:0.07142857|Ge:0.21428571|Li:0.14285714|O:0.57142857,-10.0,True,<
mfs,official_train,Ge:0.21428571|Li:0.14285714|O:0.57142857|Zn:0.07142857,-10.0,True,<
jl4,official_train,Li:0.15285714|Mg:0.05642857|O:0.57142857|Ti:0.21928571,-9.18309616062434,False,
jkq,official_train,Li:0.14214286|Mg:0.07214286|O:0.57142857|Ti:0.21428571,-10.8153085691824,False,
yav,official_train,Cl:0.57142857|Li:0.28571429|V:0.14285714,-5.158015195409886,False,
9yt,official_train,Br:0.05769231|Cl:0.01923077|Li:0.46153846|P:0.07692308|S:0.38461538,-2.7304870557820835,False,
122,official_train,Cl:0.07692308|Li:0.46153846|P:0.07692308|S:0.38461538,-2.688246138944246,False,
ij5,official_train,Br:0.03846154|Cl:0.03846154|Li:0.46153846|P:0.07692308|S:0.38461538,-2.4775557664936803,False,
6jf,official_train,Br:0.07692308|Li:0.46153846|P:0.07692308|S:0.38461538,-2.939302159646388,False,
ymc,official_train,Br:0.03846154|I:0.03846154|Li:0.46153846|P:0.07692308|S:0.38461538,-4.581698708680254,False,
ywe,official_train,I:0.07692308|Li:0.46153846|P:0.07692308|S:0.38461538,-5.886056647693163,False,
kgl,official_train,Br:0.01923077|Cl:0.05769231|Li:0.46153846|P:0.07692308|S:0.38461538,-2.6458915608525992,False,
vqj,official_train,Br:0.05769231|I:0.01923077|Li:0.46153846|P:0.07692308|S:0.38461538,-3.9507819773298185,False,
h82,official_train,Br:0.01923077|I:0.05769231|Li:0.46153846|P:0.07692308|S:0.38461538,-5.3260580013659125,False,
9zr,official_train,Br:0.07692308|Li:0.46153846|P:0.07692308|S:0.38461538,-3.1542819820333414,False,
a8v,official_train,Br:0.07677543|Li:0.46257198|P:0.07485605|S:0.38387716|Si:0.00191939,-3.0565054840938974,False,
09w,official_train,Br:0.07662835|Li:0.46360153|P:0.07279693|S:0.38314176|Si:0.00383142,-3.359518563029578,False,
x2v,official_train,Br:0.07648184|Li:0.46462715|P:0.07074570|S:0.38240918|Si:0.00573614,-3.0589857562944305,False,
bnh,official_train,Br:0.07604563|Li:0.46387833|P:0.07224335|S:0.38022814|Si:0.00760456,-3.097453220686009,False,
x9d,official_train,Br:0.07619048|Li:0.46666667|P:0.06666667|S:0.38095238|Si:0.00952381,-3.0447934624580584,False,
ish,official_train,Br:0.07590133|Li:0.46869070|P:0.06261860|S:0.37950664|Si:0.01328273,-3.0310503190186573,False,
iiy,official_train,Br:0.07575758|Li:0.46969697|P:0.06060606|S:0.37878788|Si:0.01515152,-2.7721132953863266,False,
3zo,official_train,Br:0.07561437|Li:0.47069943|P:0.05860113|S:0.37807183|Si:0.01701323,-2.96657624451305,False,
vj7,official_train,Br:0.07547170|Li:0.47169811|P:0.05660377|S:0.37735849|Si:0.01886792,-2.85078088734462,False,
wsd,official_train,Br:0.07518797|Li:0.47368421|P:0.05263158|S:0.37593985|Si:0.02255639,-2.7825160557860937,False,
10s,official_train,Br:0.07490637|Li:0.47565543|P:0.04868914|S:0.37453184|Si:0.02621723,-2.630784142589857,False,
fkj,official_train,Br:0.07407407|Li:0.48148148|P:0.03703704|S:0.37037037|Si:0.03703704,-2.6595558851598815,False,
tt3,official_train,Cl:0.07692308|Li:0.46153846|P:0.07692308|S:0.38461538,-2.886056647693163,False,
nig,official_train,Br:0.07692308|Li:0.46153846|P:0.07692308|S:0.38461538,-2.5575202309355514,False,
z16,official_train,Br:0.07692308|Li:0.46153846|P:0.07692308|S:0.37692308|Se:0.00769231,-2.494850021680094,False,
hbz,official_train,Br:0.07692308|Li:0.46153846|P:0.07692308|S:0.36923077|Se:0.01538462,-2.406713932979543,False,
uut,official_train,Br:0.07692308|Li:0.46153846|P:0.07692308|S:0.36153846|Se:0.02307692,-2.441291429466834,False,
cju,official_train,Br:0.07692308|Li:0.46153846|P:0.07692308|S:0.35384615|Se:0.03076923,-2.438898616350944,False,
d9l,official_train,Br:0.07692308|Li:0.46153846|P:0.07692308|S:0.34615385|Se:0.03846154,-2.571865205971211,False,
96f,official_train,Br:0.07692308|Li:0.46153846|P:0.07692308|S:0.33846154|Se:0.04615385,-2.555955204081924,False,
1kq,official_train,Br:0.07692308|Li:0.46153846|P:0.07692308|S:0.33076923|Se:0.05384615,-2.5214335044061564,False,
c6e,official_train,Br:0.07692308|Li:0.46153846|P:0.07692308|S:0.32307692|Se:0.06153846,-2.4584207560534193,False,
t2c,official_train,Br:0.07692308|Li:0.46153846|P:0.07692308|S:0.31538462|Se:0.06923077,-2.417936637088291,False,
dlj,official_train,Br:0.07692308|Li:0.46153846|P:0.07692308|S:0.30769231|Se:0.07692308,-2.4424927980943423,False,
w87,official_train,Br:0.07692308|Li:0.46153846|P:0.07692308|S:0.38461538,-4.494850021680094,False,
97p,official_train,Cl:0.07692308|Li:0.46153846|P:0.07692308|S:0.38461538,-4.481486060122113,False,
p9u,official_train,I:0.07692308|Li:0.46153846|P:0.07692308|S:0.38461538,-3.657577319177794,False,
5wz,official_train,I:0.07692308|Li:0.46153846|P:0.07692308|S:0.38461538,-5.8996294548824375,False,
5gj,official_train,Ge:0.00763359|I:0.07633588|Li:0.46564885|P:0.06870229|S:0.38167939,-5.052566278112949,False,
t17,official_train,Ge:0.01140684|I:0.07604563|Li:0.46768061|P:0.06463878|S:0.38022814,-4.405607449624573,False,
kf7,official_train,Ge:0.01515152|I:0.07575758|Li:0.46969697|P:0.06060606|S:0.37878788,-4.496209316942819,False,
utv,official_train,Ge:0.01886792|I:0.07547170|Li:0.47169811|P:0.05660377|S:0.37735849,-3.8239087409443187,False,
q9f,official_train,Ge:0.02255639|I:0.07518797|Li:0.47368421|P:0.05263158|S:0.37593985,-3.1870866433571443,False,
5qw,official_train,Ge:0.02985075|I:0.07462687|Li:0.47761194|P:0.04477612|S:0.37313433,-2.8239087409443187,False,
znj,official_train,Ge:0.03703704|I:0.07407407|Li:0.48148148|P:0.03703704|S:0.37037037,-2.7304870557820835,False,
pa1,official_train,Ge:0.04411765|I:0.07352941|Li:0.48529412|P:0.02941176|S:0.36764706,-2.2831622767004753,False,
lxk,official_train,Ge:0.05109489|I:0.07299270|Li:0.48905109|P:0.02189781|S:0.36496350,-2.25649023527157,False,
1m8,official_train,Ge:0.05797101|I:0.07246377|Li:0.49275362|P:0.01449275|S:0.36231884,-2.58838029403677,False,
ga9,official_train,B:0.16666667|Ce:0.05555556|Cl:0.05555556|H:0.66666667|Li:0.05555556,-3.987162775294828,False,
240,official_train,Ge:0.07692308|Li:0.61538462|P:0.30769231,-4.0655015487564325,False,
6l9,official_train,B:0.29166667|Cl:0.04166667|Li:0.16666667|O:0.50000000,-5.698970004336019,False,
gas,official_train,Co:0.02024291|La:0.12753036|Li:0.06275304|O:0.60728745|Ti:0.18218623,-3.5850266520291822,False,
f5n,official_train,Cl:0.20408163|F:0.02040816|H:0.18367347|Li:0.40816327|O:0.18367347,-4.413412695328245,False,
hx7,official_train,Br:0.20000000|H:0.20000000|Li:0.40000000|O:0.20000000,-5.920818753952375,False,
oi4,official_train,Hf:0.05186722|Li:0.07883817|O:0.62240664|Sr:0.09128631|Ta:0.15560166,-3.42021640338319,False,
sv7,official_train,La:0.10647182|Li:0.07098121|O:0.61377871|Ti:0.20876827,-3.0,False,
qbb,official_train,Br:0.20000000|Li:0.60000000|O:0.20000000,-5.958607314841775,False,
w1l,official_train,Cr:0.05000000|Li:0.10000000|O:0.60000000|Sr:0.10000000|Ta:0.15000000,-4.221848749616356,False,
jce,official_train,Fe:0.05000000|Li:0.10000000|O:0.60000000|Sr:0.10000000|Ta:0.15000000,-4.0,False,
9ph,official_train,Co:0.02057613|La:0.13786008|Li:0.03909465|O:0.61728395|Ti:0.18518519,-3.96657624451305,False,
kkn,official_train,Br:0.30000000|Li:0.60000000|N:0.10000000,-8.0,False,
m0v,official_train,Li:0.19142857|O:0.57142857|Ti:0.23714286,-7.219682687859849,False,
6du,official_train,Li:0.18103910|Mg:0.01428316|O:0.57132655|Ti:0.23335119,-7.761953896871205,False,
u0c,official_train,Li:0.17142857|Mg:0.02857143|O:0.57142857|Ti:0.22857143,-8.372634143407268,False,
xub,official_train,Li:0.16285714|Mg:0.04285714|O:0.57142857|Ti:0.22285714,-8.821023052706831,False,
bjw,official_train,Cl:0.57142857|Li:0.28571429|Mn:0.14285714,-5.319664486585437,False,
dvn,official_train,Cl:0.57142857|Li:0.28571429|Mg:0.14285714,-6.204815410317576,False,
t3k,official_train,Cl:0.57971014|Ga:0.01449275|Li:0.27536232|Mn:0.13043478,-6.6252516539898965,False,
uxi,official_train,Cl:0.60150376|In:0.05263158|Li:0.24812030|Mn:0.09774436,-7.00436480540245,False,
r5y,official_train,Cd:0.19230769|Cl:0.76923077|Li:0.03846154,-6.236572006437063,False,
ek5,official_train,F:0.09090909|Li:0.09090909|Nb:0.18181818|O:0.54545455|Sr:0.09090909,-10.0,True,<
xut,official_train,F:0.09090909|Li:0.09090909|O:0.54545455|Sr:0.09090909|Ta:0.18181818,-10.0,True,<
ckw,official_train,F:0.07476636|Li:0.09345794|Nb:0.18691589|O:0.56074766|Sr:0.08411215,-10.0,True,<
yab,official_train,F:0.07476636|Li:0.09345794|O:0.56074766|Sr:0.08411215|Ta:0.18691589,-10.0,True,<
ysm,official_train,F:0.09009009|Li:0.09909910|Nb:0.17117117|O:0.54054054|Sr:0.09009009|Zr:0.00900901,-10.0,True,<
e81,official_train,F:0.09009009|Li:0.09909910|O:0.54054054|Sr:0.09009009|Ta:0.17117117|Zr:0.00900901,-10.0,True,<
3qz,official_train,La:0.12500000|Li:0.29166667|O:0.50000000|Zr:0.08333333,-3.9208187539523753,False,
cjq,official_train,La:0.08695652|Li:0.26086957|Nb:0.08695652|O:0.52173913|Sr:0.04347826,-5.376750709602099,False,
uaz,official_train,Ca:0.04347826|La:0.08695652|Li:0.26086957|Nb:0.08695652|O:0.52173913,-5.795880017344075,False,
aax,official_train,Ba:0.01123596|La:0.12359551|Li:0.23595506|O:0.53932584|Ta:0.08988764,-5.130181792020672,False,
o86,official_train,Ba:0.02222222|La:0.11111111|Li:0.24444444|O:0.53333333|Ta:0.08888889,-4.85078088734462,False,
coi,official_train,Ba:0.05376344|La:0.07526882|Li:0.26881720|O:0.51612903|Ta:0.08602151,-4.30189945437661,False,
3vi,official_train,Ba:0.06382979|La:0.06382979|Li:0.27659574|O:0.51063830|Ta:0.08510638,-4.511449283499556,False,
vwn,official_train,Ba:0.07368421|La:0.05263158|Li:0.28421053|O:0.50526316|Ta:0.08421053,-4.928117992693875,False,
tlp,official_train,Ba:0.08333333|La:0.04166667|Li:0.29166667|O:0.50000000|Ta:0.08333333,-5.54515513999149,False,
ka6,official_train,La:0.13636364|Li:0.22727273|O:0.54545455|Ta:0.09090909,-5.179798540514359,False,
7o7,official_train,Ba:0.04347826|La:0.08695652|Li:0.26086957|O:0.52173913|Ta:0.08695652,-4.530177984021837,False,
d6f,official_train,Al:0.00623960|La:0.12479201|Li:0.29118136|O:0.49916805|Zr:0.07861897,-3.4685210829577446,False,
dvs,official_train,La:0.12468828|Li:0.29343308|O:0.49875312|Y:0.00249377|Zr:0.08063175,-3.0915149811213505,False,
3o4,official_train,Ga:0.01063830|La:0.12765957|Li:0.26595745|O:0.51063830|Zr:0.08510638,-3.4559319556497243,False,
kji,official_train,La:0.12820513|Li:0.27350427|O:0.51282051|Ta:0.02564103|Zr:0.05982906,-3.0,False,
gdr,official_train,La:0.12931034|Li:0.26724138|O:0.51724138|Ta:0.03448276|Zr:0.05172414,-3.494850021680094,False,
v1q,official_train,La:0.12605042|Li:0.28571429|O:0.50420168|Ta:0.00840336|Zr:0.07563025,-3.136677139879544,False,
4vd,official_train,La:0.12631579|Li:0.28421053|O:0.50526316|Ta:0.01052632|Zr:0.07368421,-3.2006594505464183,False,
5xk,official_train,La:0.12684989|Li:0.28118393|O:0.50739958|Ta:0.01479915|Zr:0.06976744,-3.337242168318426,False,
2wb,official_train,La:0.12711864|Li:0.27966102|O:0.50847458|Ta:0.01694915|Zr:0.06779661,-3.3279021420642825,False,
zfg,official_train,La:0.12738854|Li:0.27813163|O:0.50955414|Ta:0.01910828|Zr:0.06581741,-3.3979400086720375,False,
6hq,official_train,La:0.13043478|Li:0.26086957|O:0.52173913|Ta:0.04347826|Zr:0.04347826,-3.4559319556497243,False,
hcm,official_train,La:0.13636364|Li:0.22727273|O:0.54545455|Ta:0.09090909,-4.468521082957745,False,
e6a,official_train,La:0.12658228|Li:0.28270042|O:0.50632911|Ta:0.01265823|Zr:0.07172996,-3.161150909262745,False,
g5q,official_train,La:0.12765957|Li:0.27659574|O:0.51063830|Ta:0.02127660|Zr:0.06382979,-3.552841968657781,False,
5z8,official_train,Al:0.01143863|La:0.13198416|Li:0.25164980|O:0.52793665|W:0.01099868|Zr:0.06599208,-3.309803919971486,False,
r07,official_train,La:0.12631579|Li:0.28421053|O:0.50526316|Te:0.00526316|Zr:0.07894737,-3.4814860601221125,False,
uht,official_train,La:0.12765957|Li:0.27659574|O:0.51063830|Te:0.01063830|Zr:0.07446809,-2.9913998282380825,False,
kbq,official_train,Bi:0.09090909|La:0.13636364|Li:0.22727273|O:0.54545455,-4.721246399047171,False,
uw9,official_train,Bi:0.08695652|La:0.08695652|Li:0.26086957|O:0.52173913|Sr:0.04347826,-4.698970004336019,False,
vqu,official_train,Li:0.22727273|Nd:0.13636364|O:0.54545455|Sb:0.09090909,-6.886056647693163,False,
xog,official_train,La:0.13636364|Li:0.22727273|O:0.54545455|Sb:0.09090909,-5.107905397309519,False,
bi3,official_train,La:0.08695652|Li:0.26086957|O:0.52173913|Sb:0.08695652|Sr:0.04347826,-5.200659450546418,False,
gcj,official_train,Ca:0.04347826|La:0.08695652|Li:0.26086957|Nb:0.08695652|O:0.52173913,-5.876148359032914,False,
20k,official_train,La:0.08695652|Li:0.26086957|Nb:0.08695652|O:0.52173913|Sr:0.04347826,-5.432973633840939,False,
jej,official_train,Ca:0.04347826|La:0.08695652|Li:0.26086957|O:0.52173913|Ta:0.08695652,-5.657577319177793,False,
hud,official_train,Ba:0.04347826|La:0.08695652|Li:0.26086957|O:0.52173913|Ta:0.08695652,-4.886056647693163,False,
4uu,official_train,Ga:0.00856531|La:0.12847966|Li:0.26338330|O:0.51391863|Ta:0.01070664|Zr:0.07494647,-3.3872161432802645,False,
sdz,official_train,Al:0.00856531|La:0.12847966|Li:0.26338330|O:0.51391863|Ta:0.01070664|Zr:0.07494647,-3.431798275933005,False,
7w5,official_train,La:0.12631579|Li:0.28421053|O:0.50526316|Ta:0.01052632|Zr:0.07368421,-3.0604807473813813,False,
etz,official_train,La:0.12500000|Li:0.29166667|O:0.50000000|Zr:0.08333333,-5.705533773838407,False,
ner,official_train,Ba:0.04347826|La:0.08695652|Li:0.26086957|O:0.52173913|Ta:0.08695652,-4.772113295386326,False,
z2s,official_train,Al:0.02173913|Li:0.23913043|Nd:0.13043478|O:0.52173913|Zr:0.08695652,-4.4089353929735005,False,
72f,official_train,Al:0.01021277|La:0.12765957|Li:0.26638298|O:0.51063830|Zr:0.08510638,-3.677780705266081,False,
sqm,official_train,Ba:0.02173913|La:0.08695652|Li:0.26086957|O:0.52173913|Sr:0.02173913|Ta:0.08695652,-5.1487416512809245,False,
zxr,official_train,La:0.08695652|Li:0.26086957|O:0.52173913|Sr:0.04347826|Ta:0.08695652,-5.267606240177032,False,
h89,official_train,Ba:0.04347826|La:0.08695652|Li:0.26086957|O:0.52173913|Ta:0.08695652,-4.823908740944319,False,
l9r,official_train,Ca:0.04347826|La:0.08695652|Li:0.26086957|O:0.52173913|Ta:0.08695652,-5.657577319177793,False,
544,official_train,Ba:0.04347826|La:0.08695652|Li:0.26086957|O:0.52173913|Ta:0.08695652,-4.3979400086720375,False,
ps0,official_train,La:0.08695652|Li:0.26086957|O:0.52173913|Sr:0.04347826|Ta:0.08695652,-5.154901959985743,False,
ueu,official_train,La:0.13192612|Li:0.25241865|O:0.52770449|Ta:0.02198769|Zr:0.06596306,-3.0443122496864943,False,
uwh,official_train,La:0.13648772|Li:0.23111920|O:0.54595086|Ta:0.06869882|Zr:0.01774340,-3.987162775294828,False,
gz8,official_train,La:0.13636364|Li:0.22727273|O:0.54545455|Ta:0.09090909,-4.798602875679548,False,
419,official_train,La:0.13452915|Li:0.23766816|O:0.53811659|Sm:0.00672646|Ta:0.08295964,-5.148130399270234,False,
c0g,official_train,La:0.13333333|Li:0.24444444|O:0.53333333|Sm:0.01111111|Ta:0.07777778,-5.286509456906058,False,
kbu,official_train,La:0.13215859|Li:0.25110132|O:0.52863436|Sm:0.01541850|Ta:0.07268722,-4.667561540084395,False,
fam,official_train,La:0.13100437|Li:0.25764192|O:0.52401747|Sm:0.01965066|Ta:0.06768559,-4.928117992693875,False,
dae,official_train,La:0.12987013|Li:0.26406926|O:0.51948052|Sm:0.02380952|Ta:0.06277056,-4.853871964321762,False,
9p1,official_train,La:0.12500000|Li:0.29166667|O:0.50000000|Zr:0.08333333,-3.2448877336049287,False,
gkl,official_train,La:0.13636364|Li:0.22727273|Nb:0.09090909|O:0.54545455,-5.294136287716081,False,
ijh,official_train,La:0.13636364|Li:0.22727273|Nb:0.08863636|O:0.54545455|Y:0.00227273,-4.872895201635193,False,
q46,official_train,La:0.13636364|Li:0.22727273|Nb:0.08636364|O:0.54545455|Y:0.00454545,-4.841637507904751,False,
8m3,official_train,La:0.13636364|Li:0.22727273|Nb:0.08409091|O:0.54545455|Y:0.00681818,-5.243363891754152,False,
zyx,official_train,La:0.13636364|Li:0.22727273|Nb:0.08181818|O:0.54545455|Y:0.00909091,-5.039529222465701,False,
qvu,official_train,La:0.13636364|Li:0.22727273|Nb:0.07954545|O:0.54545455|Y:0.01136364,-5.014124642691606,False,
v07,official_train,Ga:0.02173913|La:0.13043478|Li:0.23913043|O:0.52173913|Zr:0.08695652,-4.0,False,
bqx,official_train,Li:0.15000000|Nd:0.15000000|O:0.60000000|Te:0.10000000,-10.0,True,<
z53,official_train,La:0.12711864|Li:0.27966102|O:0.50847458|Ta:0.01694915|Zr:0.06779661,-3.5044556624535517,False,
8y4,official_train,La:0.12182203|Li:0.27966102|O:0.50847458|Ta:0.01694915|Y:0.00529661|Zr:0.06779661,-3.4989407377822483,False,
ucw,official_train,La:0.11652542|Li:0.27966102|O:0.50847458|Ta:0.01694915|Y:0.01059322|Zr:0.06779661,-3.360513510731414,False,
ff9,official_train,La:0.10593220|Li:0.27966102|O:0.50847458|Ta:0.01694915|Y:0.02118644|Zr:0.06779661,-3.6458915608525992,False,
2mn,official_train,La:0.12500000|Li:0.29166667|O:0.50000000|Zr:0.08333333,-3.291579099865287,False,
8ee,official_train,Al:0.00812313|La:0.12825994|Li:0.27362121|O:0.50448910|Zr:0.08550663,-3.5086383061657274,False,
8k7,official_train,La:0.13636364|Li:0.22727273|O:0.54545455|Ta:0.09090909,-5.812479279163537,False,
b7v,official_train,Bi:0.09090909|La:0.13636364|Li:0.22727273|O:0.54545455,-4.657577319177793,False,
66a,official_train,La:0.12631579|Li:0.28421053|Nb:0.01052632|O:0.50526316|Zr:0.07368421,-3.0969100130080562,False,
kh3,official_train,La:0.12765957|Li:0.27659574|O:0.51063830|Ta:0.02127660|Zr:0.06382979,-3.036212172654445,False,
zqx,official_train,La:0.12711864|Li:0.27966102|O:0.50847458|Ta:0.01694915|Zr:0.06779661,-3.136677139879544,False,
o5q,official_train,La:0.12605042|Li:0.28571429|O:0.50420168|Ta:0.00840336|Zr:0.07563025,-3.552841968657781,False,
0ew,official_train,La:0.13043478|Li:0.26086957|O:0.52173913|Ta:0.04347826|Zr:0.04347826,-3.795880017344075,False,
tbj,official_train,La:0.13636364|Li:0.22727273|O:0.54545455|Sb:0.09090909,-5.47755576649368,False,
dbs,official_train,La:0.12765957|Li:0.27659574|O:0.51063830|Ta:0.02127660|Zr:0.06382979,-3.1001794975729036,False,
bt0,official_train,Ba:0.00212766|La:0.12553191|Li:0.27659574|O:0.51063830|Ta:0.02340426|Zr:0.06170213,-3.079876673709276,False,
dti,official_train,Ba:0.00425532|La:0.12340426|Li:0.27659574|O:0.51063830|Ta:0.02553191|Zr:0.05957447,-3.078833949362261,False,
7gm,official_train,Ba:0.00851064|La:0.11914894|Li:0.27659574|O:0.51063830|Ta:0.02978723|Zr:0.05531915,-3.1999706407558657,False,
c71,official_train,Ba:0.01276596|La:0.11489362|Li:0.27659574|O:0.51063830|Ta:0.03404255|Zr:0.05106383,-3.3080348972326394,False,
rgo,official_train,La:0.12000000|Li:0.28000000|O:0.52000000|Ta:0.08000000,-5.576754126063192,False,
zzr,official_train,Ge:0.04000000|Li:0.40000000|P:0.08000000|S:0.48000000,-2.1191864077192086,False,
kop,official_train,Ge:0.02641056|Li:0.40016006|P:0.08003201|S:0.48019208|Sn:0.01320528,-2.193820026016113,False,
rty,official_train,Ge:0.01320528|Li:0.40016006|P:0.08003201|S:0.48019208|Sn:0.02641056,-2.318758762624413,False,
kko,official_train,Li:0.40000000|P:0.08000000|S:0.48000000|Sn:0.04000000,-2.42021640338319,False,
ro9,official_test,B:0.07142857|Li:0.21428571|O:0.57142857|P:0.14285714,-11.017728766960431,False,
7cr,official_test,B:0.07142857|Li:0.14285714|Na:0.07142857|O:0.57142857|P:0.14285714,-17.356547323513812,False,
mdp,official_test,Li:0.33333333|P:0.14285714|S:0.52380952,-2.494850021680094,False,
ptg,official_test,Li:0.33333333|P:0.14285714|S:0.52380952,-2.065501548756432,False,
o4u,official_test,Ge:0.09090909|Li:0.43181818|P:0.02272727|S:0.45454545,-5.749579997691106,False,
yy9,official_test,Ge:0.06976744|Li:0.41860465|P:0.04651163|S:0.46511628,-3.7569619513137056,False,
mvq,official_test,Ge:0.04761905|Li:0.40476190|P:0.07142857|S:0.47619048,-3.184422251675733,False,
2yl,official_test,Ge:0.04191617|Li:0.40119760|P:0.07784431|S:0.47904192,-2.812479279163537,False,
5qm,official_test,Ge:0.03614458|Li:0.39759036|P:0.08433735|S:0.48192771,-2.7594507517174,False,
3jh,official_test,Ge:0.03030303|Li:0.39393939|P:0.09090909|S:0.48484848,-2.657577319177794,False,
j3x,official_test,Ge:0.02439024|Li:0.39024390|P:0.09756098|S:0.48780488,-3.2557070168773237,False,
s3r,official_test,Al:0.03670745|Li:0.44493882|O:0.44493882|P:0.03670745|Si:0.03670745,-5.488116639021126,False,
max,official_test,Al:0.02702703|Li:0.45945946|O:0.43243243|Si:0.08108108,-7.694648630553377,False,
k5y,official_test,Li:0.42857143|O:0.45714286|P:0.02857143|Si:0.08571429,-6.2564902352715706,False,
de5,official_test,Cl:0.60000000|In:0.10000000|Li:0.30000000,-2.6903698325741012,False,
cfy,official_test,Li:0.20000000|P:0.20000000|S:0.60000000,-10.10790539730952,False,
na5,official_test,H:0.43925234|Li:0.02803738|Mo:0.07476636|O:0.37383178|S:0.07476636|W:0.00934579,-6.42021640338319,False,
elz,official_test,Br:0.60000000|Li:0.30000000|Y:0.10000000,-2.7166987712964503,False,
p81,official_test,Al:0.16666667|Cl:0.66666667|Li:0.16666667,-6.0,False,
ecp,official_test,La:0.25000000|Li:0.25000000|O:0.50000000,-10.0,True,<
me3,official_test,La:0.22500000|Li:0.25000000|O:0.50000000|Sr:0.02500000,-9.201349354554731,False,
zs0,official_test,La:0.26041667|Li:0.19791667|Mg:0.02083333|O:0.52083333,-9.138465589140962,False,
ard,official_test,Li:0.08333333|O:0.66666667|P:0.08333333|Ta:0.16666667,-2.795880017344075,False,
ku9,official_test,La:0.05555556|Li:0.04444444|Na:0.01111111|Nb:0.22222222|O:0.66666667,-5.0034883278458215,False,
9n0,official_test,La:0.05555556|Li:0.03333333|Na:0.02222222|Nb:0.22222222|O:0.66666667,-4.954677021213342,False,
ozo,official_test,La:0.05555556|Li:0.02222222|Na:0.03333333|Nb:0.22222222|O:0.66666667,-4.928117992693875,False,
h5i,official_test,La:0.05555556|Li:0.01111111|Na:0.04444444|Nb:0.22222222|O:0.66666667,-4.91721462968355,False,
o9h,official_test,La:0.05555556|Li:0.00777778|Na:0.04777778|Nb:0.22222222|O:0.66666667,-4.910094888560602,False,
4xq,official_test,La:0.05555556|Li:0.00444444|Na:0.05111111|Nb:0.22222222|O:0.66666667,-5.228412519118745,False,
0ii,official_test,La:0.05555556|Li:0.00222222|Na:0.05333333|Nb:0.22222222|O:0.66666667,-5.399027104313252,False,
81x,official_test,Ag:0.01859504|La:0.11776860|Li:0.03719008|O:0.61983471|Ti:0.20661157,-4.0,False,
5fj,official_test,Ag:0.02789256|La:0.11776860|Li:0.02789256|O:0.61983471|Ti:0.20661157,-4.638272163982407,False,
0vd,official_test,Ag:0.03719008|La:0.11776860|Li:0.01859504|O:0.61983471|Ti:0.20661157,-6.698970004336019,False,
2uv,official_test,Li:0.44444444|Se:0.44444444|Sn:0.11111111,-4.698970004336019,False,
2r7,official_test,Cr:0.05263158|Li:0.15789474|Mo:0.15789474|O:0.63157895,-8.496209316942819,False,
b56,official_test,Li:0.10526316|Mg:0.10526316|Mo:0.15789474|O:0.63157895,-10.0,True,<
mfu,official_test,Fe:0.05263158|Li:0.15789474|Mo:0.15789474|O:0.63157895,-9.229884705212898,False,
kmr,official_test,Ge:0.03800000|Li:0.40000000|P:0.08000000|S:0.48000000|Si:0.00200000,-2.065501548756432,False,
85t,official_test,La:0.11728395|Li:0.05967078|O:0.61728395|Ti:0.20576132,-2.795880017344075,False,
i9a,official_test,Li:0.32258065|P:0.12903226|S:0.51612903|Zn:0.03225806,-3.0757207139381184,False,
i47,official_test,Li:0.14285714|P:0.14285714|S:0.57142857|Zn:0.14285714,-7.267606240177032,False,
dco,official_test,Li:0.26666667|P:0.13333333|S:0.53333333|Zn:0.06666667,-3.886056647693163,False,
tqb,official_test,Li:0.20689655|P:0.13793103|S:0.55172414|Zn:0.10344828,-4.782516055786093,False,
0lo,official_test,La:0.11776860|Li:0.05578512|O:0.61983471|Ti:0.20661157,-3.4685210829577446,False,
86o,official_test,La:0.12734864|Li:0.03757829|O:0.62630480|Ti:0.20876827,-3.3851027839668655,False,
2lu,official_test,La:0.11201629|Li:0.07331976|O:0.61099796|Ti:0.20366599,-3.162411561764489,False,
bd5,official_test,La:0.10953347|Li:0.07910751|O:0.60851927|Ti:0.20283976,-3.186419011431808,False,
ukw,official_test,La:0.10462777|Li:0.09054326|O:0.60362173|Ti:0.20120724,-3.300162274132754,False,
5h8,official_test,La:0.11958763|Li:0.05567010|O:0.61855670|Ti:0.20618557,-3.2225731776106885,False,
vwy,official_test,La:0.11451943|Li:0.06748466|O:0.61349693|Ti:0.20449898,-3.175223537524454,False,
2ha,official_test,La:0.11451943|Li:0.06748466|O:0.61349693|Ti:0.20449898,-3.7825160557860937,False,
il5,official_test,Li:0.05555556|Nd:0.05555556|O:0.66666667|Ta:0.22222222,-7.882728704344236,False,
r1m,official_test,Li:0.05555556|O:0.66666667|Sm:0.05555556|Ta:0.22222222,-9.364516253185087,False,
xq3,official_test,Fe:0.00701861|Li:0.12206286|Nb:0.17607568|O:0.60329570|Sr:0.09154715,-10.0,True,<
wgw,official_test,Li:0.12121212|Nb:0.18181818|O:0.60606061|Sr:0.09090909,-10.0,True,<
ipo,official_test,Hf:0.08333333|La:0.12500000|Li:0.29166667|O:0.50000000,-6.006563769502388,False,
bnu,official_test,Al:0.07142857|Ga:0.07142857|Ge:0.14285714|Li:0.14285714|O:0.57142857,-10.0,True,<
kxw,official_test,Al:0.14285714|Ge:0.14285714|Li:0.14285714|O:0.57142857,-10.0,True,<
um1,official_test,Ga:0.14285714|Ge:0.14285714|Li:0.14285714|O:0.57142857,-10.0,True,<
l2w,official_test,Li:0.28559177|Mg:0.02830189|P:0.17152659|S:0.51457976,-7.086186147616283,False,
ob9,official_test,Li:0.23544974|Mg:0.05908289|P:0.17636684|S:0.52910053,-5.3979400086720375,False,
ei3,official_test,Cl:0.60000000|Li:0.30000000|Y:0.10000000,-3.2684112348132612,False,
cmn,official_test,Cr:0.04255319|Li:0.09574468|O:0.63829787|P:0.15957447|Ti:0.06382979,-3.619788758288394,False,
lc1,official_test,Al:0.06043956|Li:0.06593407|O:0.65934066|P:0.16483516|Ta:0.04945055,-6.187086643357144,False,
sxv,official_test,Al:0.05555556|Li:0.05555556|O:0.66666667|P:0.16666667|Ta:0.05555556,-6.187086643357144,False,
ux3,official_test,Li:0.01376479|O:0.62352089|Si:0.14489254|Sm:0.21782178,-10.0,True,<
br1,official_test,Al:0.16666667|Li:0.50000000|N:0.33333333,-7.301029995663981,False,
jy6,official_test,Cl:0.07692308|Li:0.46153846|O:0.38461538|P:0.07692308,-9.0,False,
24k,official_test,Ge:0.13043478|Li:0.30434783|P:0.04347826|S:0.52173913,-3.958607314841775,False,
xnb,official_test,B:0.10000000|H:0.40000000|Li:0.25000000|P:0.05000000|S:0.20000000,-2.744727494896694,False,
mtr,official_test,Fe:0.00702062|La:0.12944274|Li:0.24923212|O:0.52654673|Zr:0.08775779,-3.0291883891274822,False,
s2v,official_test,Fe:0.00836636|La:0.12989872|Li:0.24526640|O:0.52840159|Zr:0.08806693,-2.8601209135987635,False,
4p7,official_test,Cl:0.20000000|Li:0.60000000|O:0.20000000,-1.6020599913279623,False,
lk8,official_test,Al:0.02000000|La:0.11000000|Li:0.09000000|O:0.60000000|Ti:0.18000000,-2.8210230527068307,False,
lud,official_test,Al:0.04000000|La:0.12000000|Li:0.08000000|O:0.60000000|Ti:0.16000000,-3.245651664288981,False,
vlm,official_test,Al:0.06000000|La:0.13000000|Li:0.07000000|O:0.60000000|Ti:0.14000000,-3.7931741239681505,False,
gwu,official_test,Al:0.08000000|La:0.14000000|Li:0.06000000|O:0.60000000|Ti:0.12000000,-6.982966660701219,False,
lcx,official_test,La:0.12711864|Li:0.01271186|O:0.63559322|Sr:0.01271186|Ti:0.21186441,-4.94692155651658,False,
mam,official_test,La:0.11764706|Li:0.02100840|O:0.63025210|Sr:0.02100840|Ti:0.21008403,-4.863279432843593,False,
0jx,official_test,La:0.10602911|Li:0.03118503|O:0.62370062|Sr:0.03118503|Ti:0.20790021,-4.275724130399211,False,
lyq,official_test,La:0.08350305|Li:0.05091650|O:0.61099796|Sr:0.05091650|Ti:0.20366599,-4.11690664142431,False,
2tt,official_test,La:0.07878788|Li:0.05656566|O:0.60606061|Sr:0.05656566|Ti:0.20202020,-4.218963061378868,False,
xy0,official_test,La:0.07258065|Li:0.06048387|O:0.60483871|Sr:0.06048387|Ti:0.20161290,-4.716698771296451,False,
epv,official_test,La:0.11958763|Li:0.05567010|O:0.61855670|Ti:0.20618557,-3.079876673709276,False,
v7r,official_test,La:0.11451943|Li:0.06748466|O:0.61349693|Ti:0.20449898,-2.886056647693163,False,
yhc,official_test,La:0.11201629|Li:0.07331976|O:0.61099796|Ti:0.20366599,-2.812479279163537,False,
q3c,official_test,La:0.10953347|Li:0.07910751|O:0.60851927|Ti:0.20283976,-2.9030899869919438,False,
pdv,official_test,La:0.10462777|Li:0.09054326|O:0.60362173|Ti:0.20120724,-3.1051303432547472,False,
o23,official_test,La:0.05555556|Li:0.05555556|O:0.66666667|Ta:0.22222222,-4.583359492661719,False,
4ie,official_test,F:0.00858369|Ga:0.01072961|La:0.12875536|Li:0.25965665|O:0.50643777|Zr:0.08583691,-2.8927900303521317,False,
5d6,official_test,La:0.12605042|Li:0.28571429|Mo:0.00420168|O:0.50420168|Zr:0.07983193,-4.096910013008056,False,
ciq,official_test,La:0.12711864|Li:0.27966102|Mo:0.00847458|O:0.50847458|Zr:0.07627119,-3.5072396109731625,False,
suz,official_test,La:0.12820513|Li:0.27350427|Mo:0.01282051|O:0.51282051|Zr:0.07264957,-3.43297363384094,False,
1tk,official_test,La:0.12931034|Li:0.26724138|Mo:0.01724138|O:0.51724138|Zr:0.06896552,-3.4685210829577446,False,
9o6,official_test,La:0.12765957|Li:0.27659574|Mo:0.01063830|O:0.51063830|Zr:0.07446809,-3.4775557664936803,False,
lpt,official_test,Li:0.19047619|Nd:0.14285714|O:0.57142857|Sb:0.04761905|Te:0.04761905,-8.060480747381382,False,
j5g,official_test,La:0.13043478|Li:0.26086957|Nb:0.06521739|O:0.52173913|Y:0.02173913,-3.72584215073632,False,
dvb,official_test,La:0.13513514|Li:0.23423423|Nb:0.08558559|O:0.54054054|Y:0.00450450,-4.1944991418416,False,
cti,official_test,La:0.13392857|Li:0.24107143|Nb:0.08035714|O:0.53571429|Y:0.00892857,-4.17134010346468,False,
2d1,official_test,La:0.13333333|Li:0.24444444|Nb:0.07777778|O:0.53333333|Y:0.01111111,-4.037157318798758,False,
wa3,official_test,Al:0.00847458|La:0.12711864|Li:0.27118644|O:0.50847458|Zr:0.08474576,-3.595166283380062,False,
l6h,official_test,Al:0.00854701|La:0.12820513|Li:0.26495726|O:0.51282051|Ta:0.00854701|Zr:0.07692308,-3.211831628858832,False,
whw,official_test,La:0.12605042|Li:0.28571429|O:0.50420168|Sb:0.00840336|Zr:0.07563025,-4.229147988357856,False,
duf,official_test,La:0.12711864|Li:0.27966102|O:0.50847458|Sb:0.01694915|Zr:0.06779661,-3.113509274827518,False,
dll,official_test,La:0.12820513|Li:0.27350427|O:0.51282051|Sb:0.02564103|Zr:0.05982906,-3.1804560644581312,False,
i90,official_test,La:0.12931034|Li:0.26724138|O:0.51724138|Sb:0.03448276|Zr:0.05172414,-3.3467874862246565,False,
dm9,official_test,La:0.13043478|Li:0.26086957|O:0.52173913|Sb:0.04347826|Zr:0.04347826,-3.5850266520291822,False,
32j,official_test,Hf:0.08333333|La:0.12500000|Li:0.29166667|O:0.50000000,-3.619788758288394,False,
3rh,official_test,La:0.12765957|Li:0.27659574|Nb:0.05319149|O:0.51063830|Y:0.03191489,-3.5686362358410126,False,
a6v,official_test,La:0.13071895|Li:0.23529412|Nb:0.07843137|O:0.52287582|Y:0.03267974,-4.600326278518962,False,
ar1,official_test,Li:0.44444444|S:0.33333333|Se:0.11111111|Sn:0.11111111,-4.1249387366083,False,
cz2,official_test,Li:0.44444444|S:0.11111111|Se:0.33333333|Sn:0.11111111,-6.022276394711152,False,
klr,official_test,Li:0.44444444|S:0.22222222|Se:0.22222222|Sn:0.11111111,-4.443697499232712,False,
mn3,official_test,Li:0.44444444|Se:0.44444444|Sn:0.11111111,-7.346787486224656,False,
o0a,official_test,Ge:0.08333333|Li:0.44444444|Se:0.44444444|Sn:0.02777778,-5.221848749616356,False,
qer,official_test,Ge:0.05555556|Li:0.44444444|Se:0.44444444|Sn:0.05555556,-5.7447274948966935,False,
aab,official_test,Ge:0.02777778|Li:0.44444444|Se:0.44444444|Sn:0.08333333,-6.080921907623926,False,
1ty,official_test,Ge:0.11111111|Li:0.44444444|S:0.33333333|Se:0.11111111,-5.070581074285707,False,
zv5,official_test,Ge:0.11111111|Li:0.44444444|S:0.22222222|Se:0.22222222,-4.552841968657781,False,
xk3,official_test,Ge:0.11111111|Li:0.44444444|Se:0.44444444,-5.301029995663981,False,
i4l,official_test,Ge:0.11111111|Li:0.44444444|S:0.11111111|Se:0.33333333,-4.823908740944319,False,
