database_version,material_id,formula,composition_key,elements,n_elements,spacegroup_no,crystal_system,e_above_hull,band_gap,theoretical,icsd_ids,pauling_ids,last_updated
2026.04.13,mp-1001069,Li48P16S61,Li:0.38400000|P:0.12800000|S:0.48800000,Li;P;S,3,6,Monoclinic,0.018982198731428035,2.2955,True,,,2016-07-22 01:09:20+00:00
2026.04.13,mp-1020013,Li2S2O7,Li:0.18181818|O:0.63636364|S:0.18181818,Li;O;S,3,62,Orthorhombic,0.0,5.5360000000000005,False,icsd-188009,,2022-01-01 02:20:30.449000+00:00
2026.04.13,mp-1020018,Li5B(SO4)4,B:0.03846154|Li:0.19230769|O:0.61538462|S:0.15384615,B;Li;O;S,4,14,Monoclinic,0.008201061346153615,6.108199999999999,False,icsd-428002,,2021-02-16 08:02:26.609000+00:00
2026.04.13,mp-1020060,LiB(S2O7)2,B:0.05000000|Li:0.05000000|O:0.70000000|S:0.20000000,B;Li;O;S,4,19,Orthorhombic,0.0,5.51,False,icsd-425175,,2021-02-16 04:33:14.216000+00:00
2026.04.13,mp-1020106,LiB(SO4)2,B:0.08333333|Li:0.08333333|O:0.66666667|S:0.16666667,B;Li;O;S,4,7,Monoclinic,0.0,6.3873999999999995,False,icsd-425174,,2021-02-16 09:59:25.912000+00:00
2026.04.13,mp-1021497,Li2SiSnS4,Li:0.25000000|S:0.50000000|Si:0.12500000|Sn:0.12500000,Li;S;Si;Sn,4,121,Tetragonal,0.016868490312500484,1.9994999999999998,True,,,2020-11-11 01:12:17.875000+00:00
2026.04.13,mp-1040450,Li5P(S2Cl)2,Cl:0.16666667|Li:0.41666667|P:0.08333333|S:0.33333333,Cl;Li;P;S,4,38,Orthorhombic,0.016335492291666753,2.7792999999999997,True,,,2021-02-10 01:42:51.936000+00:00
2026.04.13,mp-1040451,Li20Si3P3S23Cl,Cl:0.02000000|Li:0.40000000|P:0.06000000|S:0.46000000|Si:0.06000000,Cl;Li;P;S;Si,5,6,Monoclinic,0.035331716299999094,2.3935999999999997,True,,,2021-02-06 01:42:26.514000+00:00
2026.04.13,mp-1080241,Li2Ge(S2O7)3,Ge:0.03333333|Li:0.06666667|O:0.70000000|S:0.20000000,Ge;Li;O;S,4,148,Trigonal,0.0,3.7659,True,,,2018-04-18 23:56:08+00:00
2026.04.13,mp-1097034,Li20Si3P3S23Cl,Cl:0.02000000|Li:0.40000000|P:0.06000000|S:0.46000000|Si:0.06000000,Cl;Li;P;S;Si,5,6,Monoclinic,0.03550452449999941,2.3724,True,,,2021-02-05 11:33:54.426000+00:00
2026.04.13,mp-1097035,Li20Si3P3S23Cl,Cl:0.02000000|Li:0.40000000|P:0.06000000|S:0.46000000|Si:0.06000000,Cl;Li;P;S;Si,5,6,Monoclinic,0.030538372299998784,2.3076,True,,,2021-02-05 08:22:11.795000+00:00
2026.04.13,mp-1097036,Li3PS4,Li:0.37500000|P:0.12500000|S:0.50000000,Li;P;S,3,62,Orthorhombic,0.013829766249999764,2.8219000000000003,True,,,2021-12-31 14:38:02.780000+00:00
2026.04.13,mp-1105750,LiAu(S2O7)2,Au:0.05000000|Li:0.05000000|O:0.70000000|S:0.20000000,Au;Li;O;S,4,2,Triclinic,0.0,1.9833021813679452,False,icsd-422909,,2021-02-05 09:42:56.991000+00:00
2026.04.13,mp-1106183,LiAlS2,Al:0.25000000|Li:0.25000000|S:0.50000000,Al;Li;S,3,33,Orthorhombic,0.0,4.7954,True,icsd-608360,,2021-03-13 18:38:09.969000+00:00
2026.04.13,mp-11175,LiZnPS4,Li:0.14285714|P:0.14285714|S:0.57142857|Zn:0.14285714,Li;P;S;Zn,4,82,Tetragonal,0.0,2.7311999999999994,False,icsd-95785,,2023-10-07 18:15:38.491000+00:00
2026.04.13,mp-1147554,LiLaSO,La:0.25000000|Li:0.25000000|O:0.25000000|S:0.25000000,La;Li;O;S,4,129,Tetragonal,0.008456593750000074,3.1807,True,,,2020-11-11 08:58:41.500000+00:00
2026.04.13,mp-1147591,Li6Zn3(PS4)4,Li:0.20689655|P:0.13793103|S:0.55172414|Zn:0.10344828,Li;P;S;Zn,4,3,Monoclinic,0.00896511353448215,2.6651,True,,,2020-04-29 14:56:25.886000+00:00
2026.04.13,mp-1147592,Li6Zn3(PS4)4,Li:0.20689655|P:0.13793103|S:0.55172414|Zn:0.10344828,Li;P;S;Zn,4,1,Triclinic,0.00993222086206913,2.5364000000000004,True,,,2020-05-02 02:52:50.760000+00:00
2026.04.13,mp-1147593,Li6Zn3(PS4)4,Li:0.20689655|P:0.13793103|S:0.55172414|Zn:0.10344828,Li;P;S;Zn,4,1,Triclinic,0.009921751379310173,2.4748,True,,,2020-04-29 21:17:16.893000+00:00
2026.04.13,mp-1147594,Li6Zn3(PS4)4,Li:0.20689655|P:0.13793103|S:0.55172414|Zn:0.10344828,Li;P;S;Zn,4,1,Triclinic,0.009746729913792329,2.8963,True,,,2023-03-18 07:41:03.162000+00:00
2026.04.13,mp-1147596,Li6Zn3(PS4)4,Li:0.20689655|P:0.13793103|S:0.55172414|Zn:0.10344828,Li;P;S;Zn,4,1,Triclinic,0.009770993965516617,2.5208999999999997,True,,,2020-04-29 17:04:37.598000+00:00
2026.04.13,mp-1147600,Li6Zn3(PS4)4,Li:0.20689655|P:0.13793103|S:0.55172414|Zn:0.10344828,Li;P;S;Zn,4,1,Triclinic,0.00923053189655132,2.6093,True,,,2020-04-29 09:59:44.152000+00:00
2026.04.13,mp-1147603,Li6Zn3(PS4)4,Li:0.20689655|P:0.13793103|S:0.55172414|Zn:0.10344828,Li;P;S;Zn,4,1,Triclinic,0.010206510689655168,2.5434,True,,,2020-05-02 03:03:26.958000+00:00
2026.04.13,mp-1147604,Li6Zn3(PS4)4,Li:0.20689655|P:0.13793103|S:0.55172414|Zn:0.10344828,Li;P;S;Zn,4,1,Triclinic,0.010170074741378876,2.5061,True,,,2020-04-29 14:11:04.084000+00:00
2026.04.13,mp-1147605,Li6Zn3(PS4)4,Li:0.20689655|P:0.13793103|S:0.55172414|Zn:0.10344828,Li;P;S;Zn,4,4,Monoclinic,0.0065711678448270305,2.6774999999999998,True,,,2021-02-22 00:13:54.308000+00:00
2026.04.13,mp-1147606,Li6Zn3(PS4)4,Li:0.20689655|P:0.13793103|S:0.55172414|Zn:0.10344828,Li;P;S;Zn,4,4,Monoclinic,0.007688271120689372,2.6809000000000003,True,,,2021-02-21 23:18:24.293000+00:00
2026.04.13,mp-1147609,Li6Zn3(PS4)4,Li:0.20689655|P:0.13793103|S:0.55172414|Zn:0.10344828,Li;P;S;Zn,4,1,Triclinic,0.010140386379309696,2.497,True,,,2018-12-27 11:38:32.355000+00:00
2026.04.13,mp-1147610,Li6Zn3(PS4)4,Li:0.20689655|P:0.13793103|S:0.55172414|Zn:0.10344828,Li;P;S;Zn,4,1,Triclinic,0.010139333706896458,2.6682999999999995,True,,,2020-04-30 02:33:20.681000+00:00
2026.04.13,mp-1147611,Li6Zn3(PS4)4,Li:0.20689655|P:0.13793103|S:0.55172414|Zn:0.10344828,Li;P;S;Zn,4,1,Triclinic,0.010204642327585667,2.5348,True,,,2018-12-27 11:38:37.301000+00:00
2026.04.13,mp-1147613,Li6Zn3(PS4)4,Li:0.20689655|P:0.13793103|S:0.55172414|Zn:0.10344828,Li;P;S;Zn,4,1,Triclinic,0.010071001982758787,2.5518,True,,,2020-04-29 22:48:10.455000+00:00
2026.04.13,mp-1147614,Li6Zn3(PS4)4,Li:0.20689655|P:0.13793103|S:0.55172414|Zn:0.10344828,Li;P;S;Zn,4,1,Triclinic,0.010103123793103741,2.6649,True,,,2020-04-29 23:59:31.292000+00:00
2026.04.13,mp-1147616,Li6Zn3(PS4)4,Li:0.20689655|P:0.13793103|S:0.55172414|Zn:0.10344828,Li;P;S;Zn,4,1,Triclinic,0.009985503362068826,2.5534000000000003,True,,,2020-04-29 12:26:26.107000+00:00
2026.04.13,mp-1147617,Li6Zn3(PS4)4,Li:0.20689655|P:0.13793103|S:0.55172414|Zn:0.10344828,Li;P;S;Zn,4,4,Monoclinic,0.009941809913793342,2.6824,True,,,2020-04-30 03:42:22.583000+00:00
2026.04.13,mp-1147627,Li10Zn7(PS4)8,Li:0.17543860|P:0.14035088|S:0.56140351|Zn:0.12280702,Li;P;S;Zn,4,1,Triclinic,0.0051426498684215005,2.6681,True,,,2021-02-05 20:14:45.413000+00:00
2026.04.13,mp-1147630,Li10Zn7(PS4)8,Li:0.17543860|P:0.14035088|S:0.56140351|Zn:0.12280702,Li;P;S;Zn,4,4,Monoclinic,0.006531479605262902,2.6864000000000003,True,,,2020-05-02 02:38:56.141000+00:00
2026.04.13,mp-1147634,Li10Zn7(PS4)8,Li:0.17543860|P:0.14035088|S:0.56140351|Zn:0.12280702,Li;P;S;Zn,4,1,Triclinic,0.007125566184210896,2.6370999999999998,True,,,2020-04-29 19:28:09.644000+00:00
2026.04.13,mp-1147681,Li10Zn(PS4)4,Li:0.32258065|P:0.12903226|S:0.51612903|Zn:0.03225806,Li;P;S;Zn,4,7,Monoclinic,0.007379458467742239,2.5017999999999994,True,,,2021-02-22 08:07:56.384000+00:00
2026.04.13,mp-1147684,Li10Zn(PS4)4,Li:0.32258065|P:0.12903226|S:0.51612903|Zn:0.03225806,Li;P;S;Zn,4,7,Monoclinic,0.007364474919355324,2.5761,True,,,2021-02-22 11:48:53.295000+00:00
2026.04.13,mp-1147685,Li10Zn(PS4)4,Li:0.32258065|P:0.12903226|S:0.51612903|Zn:0.03225806,Li;P;S;Zn,4,7,Monoclinic,0.007209804274193488,2.5073,True,,,2023-03-18 11:38:24.276000+00:00
2026.04.13,mp-1147686,Li10Zn(PS4)4,Li:0.32258065|P:0.12903226|S:0.51612903|Zn:0.03225806,Li;P;S;Zn,4,1,Triclinic,0.00751255685483887,2.4480000000000004,True,,,2021-02-21 14:15:18.673000+00:00
2026.04.13,mp-1147687,Li10Zn(PS4)4,Li:0.32258065|P:0.12903226|S:0.51612903|Zn:0.03225806,Li;P;S;Zn,4,7,Monoclinic,0.007094447661290637,2.5782000000000003,True,,,2021-02-21 23:09:26.221000+00:00
2026.04.13,mp-1147692,Li10Zn(PS4)4,Li:0.32258065|P:0.12903226|S:0.51612903|Zn:0.03225806,Li;P;S;Zn,4,1,Triclinic,0.006821347338710204,2.6896000000000004,True,,,2021-02-06 03:46:34.658000+00:00
2026.04.13,mp-1147693,Li10Zn(PS4)4,Li:0.32258065|P:0.12903226|S:0.51612903|Zn:0.03225806,Li;P;S;Zn,4,1,Triclinic,0.006423594112903608,2.7628000000000004,True,,,2021-02-08 21:05:42.566000+00:00
2026.04.13,mp-1147694,Li10Zn(PS4)4,Li:0.32258065|P:0.12903226|S:0.51612903|Zn:0.03225806,Li;P;S;Zn,4,1,Triclinic,0.005377182822581261,2.6990999999999996,True,,,2021-02-07 02:11:35.999000+00:00
2026.04.13,mp-1147695,Li10Zn(PS4)4,Li:0.32258065|P:0.12903226|S:0.51612903|Zn:0.03225806,Li;P;S;Zn,4,1,Triclinic,0.005069962822581431,2.7251,True,,,2021-02-07 02:25:33.416000+00:00
2026.04.13,mp-1147696,Li10Zn(PS4)4,Li:0.32258065|P:0.12903226|S:0.51612903|Zn:0.03225806,Li;P;S;Zn,4,1,Triclinic,0.0067693783064521895,2.5218000000000007,True,,,2021-02-06 15:41:31.308000+00:00
2026.04.13,mp-1147697,Li10Zn(PS4)4,Li:0.32258065|P:0.12903226|S:0.51612903|Zn:0.03225806,Li;P;S;Zn,4,1,Triclinic,0.007540467661290684,2.5244,True,,,2021-02-08 22:58:57.507000+00:00
2026.04.13,mp-1147698,Li10Zn(PS4)4,Li:0.32258065|P:0.12903226|S:0.51612903|Zn:0.03225806,Li;P;S;Zn,4,1,Triclinic,0.005642331854839533,2.718884345063006,True,,,2021-02-10 16:45:11.173000+00:00
2026.04.13,mp-1147721,Li4Zn(PS4)2,Li:0.26666667|P:0.13333333|S:0.53333333|Zn:0.06666667,Li;P;S;Zn,4,4,Monoclinic,0.011160197166666386,2.7225,True,,,2021-02-09 06:30:01.681000+00:00
2026.04.13,mp-1147723,Li4Zn(PS4)2,Li:0.26666667|P:0.13333333|S:0.53333333|Zn:0.06666667,Li;P;S;Zn,4,1,Triclinic,0.010870686833333032,2.7102000000000004,True,,,2021-02-08 06:41:16.984000+00:00
2026.04.13,mp-1147724,Li4Zn(PS4)2,Li:0.26666667|P:0.13333333|S:0.53333333|Zn:0.06666667,Li;P;S;Zn,4,4,Monoclinic,0.00943524366666626,2.718,True,,,2021-02-22 05:57:06.629000+00:00
2026.04.13,mp-1147725,Li4Zn(PS4)2,Li:0.26666667|P:0.13333333|S:0.53333333|Zn:0.06666667,Li;P;S;Zn,4,1,Triclinic,0.011662688166666157,2.6555000000000004,True,,,2021-02-08 06:41:16.763000+00:00
2026.04.13,mp-1147726,Li4Zn(PS4)2,Li:0.26666667|P:0.13333333|S:0.53333333|Zn:0.06666667,Li;P;S;Zn,4,1,Triclinic,0.011910579944443889,2.3985,True,,,2021-02-07 03:49:51.957000+00:00
2026.04.13,mp-1147727,Li4Zn(PS4)2,Li:0.26666667|P:0.13333333|S:0.53333333|Zn:0.06666667,Li;P;S;Zn,4,1,Triclinic,0.011836537055555318,2.6745,True,,,2021-02-08 08:12:46.489000+00:00
2026.04.13,mp-1147728,Li4Zn(PS4)2,Li:0.26666667|P:0.13333333|S:0.53333333|Zn:0.06666667,Li;P;S;Zn,4,7,Monoclinic,0.01069993041666617,2.7622,True,,,2020-04-29 07:54:10.294000+00:00
2026.04.13,mp-1147729,Li4Zn(PS4)2,Li:0.26666667|P:0.13333333|S:0.53333333|Zn:0.06666667,Li;P;S;Zn,4,1,Triclinic,0.011465264611111081,2.7876000000000003,True,,,2021-02-08 09:07:38.234000+00:00
2026.04.13,mp-1147732,Li4Zn(PS4)2,Li:0.26666667|P:0.13333333|S:0.53333333|Zn:0.06666667,Li;P;S;Zn,4,1,Triclinic,0.011516444388888658,2.6636000000000006,True,,,2021-02-08 08:19:04.502000+00:00
2026.04.13,mp-1147733,Li4Zn(PS4)2,Li:0.26666667|P:0.13333333|S:0.53333333|Zn:0.06666667,Li;P;S;Zn,4,1,Triclinic,0.011836717500000482,2.7862,True,,,2021-02-09 01:37:59.643000+00:00
2026.04.13,mp-1147734,Li4Zn(PS4)2,Li:0.26666667|P:0.13333333|S:0.53333333|Zn:0.06666667,Li;P;S;Zn,4,1,Triclinic,0.01177052883333296,2.7069950982334774,True,,,2021-02-10 11:06:50.840000+00:00
2026.04.13,mp-1147735,Li4Zn(PS4)2,Li:0.26666667|P:0.13333333|S:0.53333333|Zn:0.06666667,Li;P;S;Zn,4,1,Triclinic,0.010367655833333878,2.7908,True,,,2021-02-09 19:17:56.016000+00:00
2026.04.13,mp-1147737,Li4Zn(PS4)2,Li:0.26666667|P:0.13333333|S:0.53333333|Zn:0.06666667,Li;P;S;Zn,4,1,Triclinic,0.011501505499999176,2.7368,True,,,2021-02-05 01:01:52.084000+00:00
2026.04.13,mp-1147738,Li4Zn(PS4)2,Li:0.26666667|P:0.13333333|S:0.53333333|Zn:0.06666667,Li;P;S;Zn,4,1,Triclinic,0.01398713983333355,2.5355999999999996,True,,,2020-04-29 09:04:34.458000+00:00
2026.04.13,mp-1147741,Li4Zn(PS4)2,Li:0.26666667|P:0.13333333|S:0.53333333|Zn:0.06666667,Li;P;S;Zn,4,1,Triclinic,0.013820400083333517,2.6315,True,,,2020-04-29 14:42:43.282000+00:00
2026.04.13,mp-1176625,LiSn(SO4)2,Li:0.08333333|O:0.66666667|S:0.16666667|Sn:0.08333333,Li;O;S;Sn,4,7,Monoclinic,0.017863445000005918,2.4086,True,,,2020-04-29 15:30:40.424000+00:00
2026.04.13,mp-1176627,LiV(SO4)2,Li:0.08333333|O:0.66666667|S:0.16666667|V:0.08333333,Li;O;S;V,4,1,Triclinic,0.01896414052083628,1.8863999999999999,True,,,2021-02-06 01:09:12.977000+00:00
2026.04.13,mp-1177520,Li3SbS3,Li:0.42857143|S:0.42857143|Sb:0.14285714,Li;S;Sb,3,160,Trigonal,0.03522362928571354,2.7451999999999996,True,,,2021-02-10 17:20:02.662000+00:00
2026.04.13,mp-1177695,Li3CuS2,Cu:0.16666667|Li:0.50000000|S:0.33333333,Cu;Li;S,3,72,Orthorhombic,0.0,2.3028999999999997,True,,,2021-03-13 18:50:58.188000+00:00
2026.04.13,mp-1178011,Li2Fe2(SO4)3,Fe:0.10526316|Li:0.10526316|O:0.63157895|S:0.15789474,Fe;Li;O;S,4,61,Orthorhombic,0.02170364236841138,4.1795,True,,,2019-01-11 07:19:00.019000+00:00
2026.04.13,mp-1181012,Li4Re6S11,Li:0.19047619|Re:0.28571429|S:0.52380952,Li;Re;S,3,56,Orthorhombic,0.0,1.725,True,,,2022-01-01 03:15:01.094000+00:00
2026.04.13,mp-1188124,LiAl(PS3)2,Al:0.10000000|Li:0.10000000|P:0.20000000|S:0.60000000,Al;Li;P;S,4,15,Monoclinic,0.0,2.749142152725869,False,icsd-425979,,2021-02-05 14:21:52.662000+00:00
2026.04.13,mp-1188392,LiInS2,In:0.25000000|Li:0.25000000|S:0.50000000,In;Li;S,3,33,Orthorhombic,0.0,2.1957600466486826,False,icsd-53093,pf-29662;pf-32132;pf-36125;pf-7863;pf-8561,2021-03-13 12:04:57.132000+00:00
2026.04.13,mp-1188784,Li2CdSnS4,Cd:0.12500000|Li:0.25000000|S:0.50000000|Sn:0.12500000,Cd;Li;S;Sn,4,31,Orthorhombic,0.0,1.9346545269162678,False,icsd-249873,pf-30981,2021-02-04 20:51:23.062000+00:00
2026.04.13,mp-1188861,LiCSN,C:0.25000000|Li:0.25000000|N:0.25000000|S:0.25000000,C;Li;N;S,4,62,Orthorhombic,0.04100961794642899,3.8556000000000004,False,icsd-425061,,2021-03-10 13:19:45.817000+00:00
2026.04.13,mp-1189383,Li2CdGeS4,Cd:0.12500000|Ge:0.12500000|Li:0.25000000|S:0.50000000,Cd;Ge;Li;S,4,31,Orthorhombic,0.0,2.235934698116427,False,icsd-249872,pf-20491,2021-02-04 12:36:37.497000+00:00
2026.04.13,mp-1190364,Li2SnS3,Li:0.33333333|S:0.50000000|Sn:0.16666667,Li;S;Sn,3,15,Monoclinic,0.0006651347916664108,1.8306,False,icsd-251656,,2021-12-30 05:03:15.784000+00:00
2026.04.13,mp-1191476,Li2In2GeS6,Ge:0.09090909|In:0.18181818|Li:0.18181818|S:0.54545455,Ge;In;Li;S,4,9,Monoclinic,0.013810205852273327,2.3229000000000006,False,icsd-262643,,2021-02-04 11:56:16.942000+00:00
2026.04.13,mp-1191903,Li2In2SiS6,In:0.18181818|Li:0.18181818|S:0.54545455|Si:0.09090909,In;Li;S;Si,4,9,Monoclinic,0.004144318636364552,2.4279999999999995,False,icsd-262642,,2021-02-04 10:21:38.327000+00:00
2026.04.13,mp-1192995,Li4MnGe2S7,Ge:0.14285714|Li:0.28571429|Mn:0.07142857|S:0.50000000,Ge;Li;Mn;S,4,9,Monoclinic,0.0,1.5209,False,icsd-425763,,2021-02-10 08:17:47.777000+00:00
2026.04.13,mp-1193172,Li2Mn(SO4)2,Li:0.15384615|Mn:0.07692308|O:0.61538462|S:0.15384615,Li;Mn;O;S,4,14,Monoclinic,0.0,3.580027306156486,False,icsd-250896;icsd-250898,,2020-07-15 08:21:24.137000+00:00
2026.04.13,mp-1193501,Li2Fe(SO4)2,Fe:0.07692308|Li:0.15384615|O:0.61538462|S:0.15384615,Fe;Li;O;S,4,14,Monoclinic,0.00156541442307212,4.2848,False,icsd-250900,,2021-03-11 21:54:42.984000+00:00
2026.04.13,mp-1194281,Li2Co(SO4)2,Co:0.07692308|Li:0.15384615|O:0.61538462|S:0.15384615,Co;Li;O;S,4,14,Monoclinic,0.0,3.2307,False,icsd-250897,,2021-03-10 23:25:41.948000+00:00
2026.04.13,mp-1194339,Li3SbS3,Li:0.42857143|S:0.42857143|Sb:0.14285714,Li;S;Sb,3,33,Orthorhombic,0.0,2.784,False,icsd-424834,,2022-04-29 04:54:43.891000+00:00
2026.04.13,mp-1195085,K2LiC3(SN)3,C:0.25000000|K:0.16666667|Li:0.08333333|N:0.25000000|S:0.25000000,C;K;Li;N;S,5,33,Orthorhombic,0.007317217743056048,4.4526,False,icsd-430274,,2021-03-10 12:33:23.628000+00:00
2026.04.13,mp-1195603,Li2MnSnS4,Li:0.25000000|Mn:0.12500000|S:0.50000000|Sn:0.12500000,Li;Mn;S;Sn,4,33,Orthorhombic,0.0007890353124997418,1.7559999999999998,False,icsd-429817,,2021-05-21 23:37:38.551000+00:00
2026.04.13,mp-1195718,Li4SnS4,Li:0.44444444|S:0.44444444|Sn:0.11111111,Li;S;Sn,3,62,Orthorhombic,0.0,2.8989000000000003,False,icsd-290832,,2022-04-30 01:30:56.136000+00:00
2026.04.13,mp-1199446,RbLiSO4,Li:0.14285714|O:0.57142857|Rb:0.14285714|S:0.14285714,Li;O;Rb;S,4,7,Monoclinic,0.011315496357141797,5.120900000000001,False,icsd-174058,,2020-04-30 02:06:37.970000+00:00
2026.04.13,mp-1202217,RbLiSO4,Li:0.14285714|O:0.57142857|Rb:0.14285714|S:0.14285714,Li;O;Rb;S,4,14,Monoclinic,0.0021257976785715726,6.1503,False,icsd-174057,,2021-05-22 22:57:47.845000+00:00
2026.04.13,mp-1203440,LiZnSO4F,F:0.12500000|Li:0.12500000|O:0.50000000|S:0.12500000|Zn:0.12500000,F;Li;O;S;Zn,5,62,Orthorhombic,0.0,4.2073,False,icsd-261343,,2021-02-04 11:38:08.172000+00:00
2026.04.13,mp-1210789,Li2SiS3,Li:0.33333333|S:0.50000000|Si:0.16666667,Li;S;Si,3,36,Orthorhombic,0.0,3.5926,True,,pf-2179;pf-33595;pf-6281,2022-04-29 23:58:37.127000+00:00
2026.04.13,mp-1210804,Li2ZnGeS4,Ge:0.12500000|Li:0.25000000|S:0.50000000|Zn:0.12500000,Ge;Li;S;Zn,4,31,Orthorhombic,0.0,2.1846,True,,pf-11604,2021-02-04 20:51:17.557000+00:00
2026.04.13,mp-1211108,LiGd(SO4)2,Gd:0.08333333|Li:0.08333333|O:0.66666667|S:0.16666667,Gd;Li;O;S,4,118,Tetragonal,0.0,2.6325,True,,,2021-02-05 14:33:46.221000+00:00
2026.04.13,mp-1211176,Li6AsS5I,As:0.07692308|I:0.07692308|Li:0.46153846|S:0.38461538,As;I;Li;S,4,9,Monoclinic,0.00536262807692367,1.5997999999999997,True,,pf-23100,2021-02-08 09:14:16.664000+00:00
2026.04.13,mp-1211324,Li7PS6,Li:0.50000000|P:0.07142857|S:0.42857143,Li;P;S,3,33,Orthorhombic,0.03252992321428483,2.0625999999999998,True,,pf-32364,2020-04-29 20:33:00.158000+00:00
2026.04.13,mp-1219554,RbLiZnS2,Li:0.20000000|Rb:0.20000000|S:0.40000000|Zn:0.20000000,Li;Rb;S;Zn,4,119,Tetragonal,0.0,2.4519,True,,,2020-11-11 23:16:08.538000+00:00
2026.04.13,mp-1220972,NaLiZnS2,Li:0.20000000|Na:0.20000000|S:0.40000000|Zn:0.20000000,Li;Na;S;Zn,4,156,Trigonal,0.0,1.8297999999999999,True,,,2021-02-10 17:46:55.187000+00:00
2026.04.13,mp-1222296,LiSmS2,Li:0.25000000|S:0.50000000|Sm:0.25000000,Li;S;Sm,3,166,Trigonal,0.0,2.2194999999999996,True,,,2022-09-16 22:36:42.123000+00:00
2026.04.13,mp-1222297,LiTbS2,Li:0.25000000|S:0.50000000|Tb:0.25000000,Li;S;Tb,3,166,Trigonal,0.0,2.3395,True,,,2021-03-17 02:19:38.982000+00:00
2026.04.13,mp-1222303,LiNdS2,Li:0.25000000|Nd:0.25000000|S:0.50000000,Li;Nd;S,3,166,Trigonal,0.013438600312502658,2.1019,True,,,2021-12-31 11:12:15.739000+00:00
2026.04.13,mp-1222350,LiMgSO4F,F:0.12500000|Li:0.12500000|Mg:0.12500000|O:0.50000000|S:0.12500000,F;Li;Mg;O;S,5,1,Triclinic,0.01124014046874855,5.9657,True,,,2021-02-05 14:15:27.890000+00:00
2026.04.13,mp-1222389,LiFeSO4F,F:0.12500000|Fe:0.12500000|Li:0.12500000|O:0.50000000|S:0.12500000,F;Fe;Li;O;S,5,1,Triclinic,0.009223795156249714,4.3426,True,,,2020-08-03 14:54:36.786000+00:00
2026.04.13,mp-1222404,LiBiS2,Bi:0.25000000|Li:0.25000000|S:0.50000000,Bi;Li;S,3,166,Trigonal,0.0,1.7886000000000006,True,,,2022-09-16 21:34:13.222000+00:00
2026.04.13,mp-1222472,LiFe(SO4)2,Fe:0.08333333|Li:0.08333333|O:0.66666667|S:0.16666667,Fe;Li;O;S,4,4,Monoclinic,0.023006616979173167,2.0509,True,,,2021-02-09 17:20:02.307000+00:00
2026.04.13,mp-1222482,Li6AsS5I,As:0.07692308|I:0.07692308|Li:0.46153846|S:0.38461538,As;I;Li;S,4,1,Triclinic,0.0,1.5398,True,,,2021-02-11 08:53:27.966000+00:00
2026.04.13,mp-1222529,Li4GeS4,Ge:0.11111111|Li:0.44444444|S:0.44444444,Ge;Li;S,3,19,Orthorhombic,0.0,2.9683,True,,,2021-12-30 05:02:23.582000+00:00
2026.04.13,mp-1222582,Li4GeS4,Ge:0.11111111|Li:0.44444444|S:0.44444444,Ge;Li;S,3,33,Orthorhombic,0.026120664722221854,2.5087,True,,,2021-02-09 11:22:30.400000+00:00
2026.04.13,mp-1223032,Li9Nd2(PS4)5,Li:0.25000000|Nd:0.05555556|P:0.13888889|S:0.55555556,Li;Nd;P;S,4,15,Monoclinic,0.0,2.6503000000000005,True,,,2021-02-24 01:20:05.929000+00:00
2026.04.13,mp-1225887,CsLiZnS2,Cs:0.20000000|Li:0.20000000|S:0.40000000|Zn:0.20000000,Cs;Li;S;Zn,4,119,Tetragonal,0.0,2.5019,True,,,2021-02-09 19:42:40.356000+00:00
2026.04.13,mp-1265272,LiMgAl3(SO4)6,Al:0.08571429|Li:0.02857143|Mg:0.02857143|O:0.68571429|S:0.17142857,Al;Li;Mg;O;S,5,2,Triclinic,0.01088115303571957,5.8981,True,,,2021-02-07 08:16:23.239000+00:00
2026.04.13,mp-1407369,LiCuS,Cu:0.33333333|Li:0.33333333|S:0.33333333,Cu;Li;S,3,43,Orthorhombic,0.004154272013887628,1.5952000000000002,True,,,2020-05-03 23:22:23.619000+00:00
2026.04.13,mp-14484,KNaLi2(SO4)2,K:0.07142857|Li:0.14285714|Na:0.07142857|O:0.57142857|S:0.14285714,K;Li;Na;O;S,5,19,Orthorhombic,0.0,5.2970999999999995,False,icsd-60824,,2021-02-08 07:47:37.778000+00:00
2026.04.13,mp-14646,Li2Mg2(SO4)3,Li:0.10526316|Mg:0.10526316|O:0.63157895|S:0.15789474,Li;Mg;O;S,4,60,Orthorhombic,0.0,5.6251999999999995,False,icsd-65025,,2023-03-15 04:07:15.722000+00:00
2026.04.13,mp-15788,LiYS2,Li:0.25000000|S:0.50000000|Y:0.25000000,Li;S;Y,3,166,Trigonal,0.0,1.9203999999999994,False,icsd-44957,,2023-10-07 05:00:20.147000+00:00
2026.04.13,mp-15789,LiDyS2,Dy:0.25000000|Li:0.25000000|S:0.50000000,Dy;Li;S,3,166,Trigonal,0.0,1.9346999999999999,False,icsd-44958,,2023-10-07 07:15:34.976000+00:00
2026.04.13,mp-15790,LiHoS2,Ho:0.25000000|Li:0.25000000|S:0.50000000,Ho;Li;S,3,166,Trigonal,0.0,1.9863000000000004,False,icsd-44959;icsd-639371,,2022-09-17 00:20:02.526000+00:00
2026.04.13,mp-15791,LiErS2,Er:0.25000000|Li:0.25000000|S:0.50000000,Er;Li;S,3,166,Trigonal,0.0,1.9964000000000004,False,icsd-44960;icsd-630736,,2023-10-07 08:02:10.838000+00:00
2026.04.13,mp-15999,Li3AuS2,Au:0.16666667|Li:0.50000000|S:0.33333333,Au;Li;S,3,72,Orthorhombic,0.0,2.0985,False,icsd-280535,,2023-10-07 04:24:15.798000+00:00
2026.04.13,mp-19896,Li2GePbS4,Ge:0.12500000|Li:0.25000000|Pb:0.12500000|S:0.50000000,Ge;Li;Pb;S,4,121,Tetragonal,0.0,2.2649000000000004,False,icsd-281011,,2023-10-07 09:51:34.310000+00:00
2026.04.13,mp-2646995,Li3PS4,Li:0.37500000|P:0.12500000|S:0.50000000,Li;P;S,3,121,Tetragonal,0.007420595312500389,2.9579000000000004,True,,,2022-06-21 22:43:41.950000+00:00
2026.04.13,mp-28471,Li3AsS3,As:0.14285714|Li:0.42857143|S:0.42857143,As;Li;S,3,33,Orthorhombic,0.0,2.2848999999999995,False,icsd-424835;icsd-59381,,2022-04-29 20:37:33.108000+00:00
2026.04.13,mp-29410,Li2B2S5,B:0.22222222|Li:0.22222222|S:0.55555556,B;Li;S,3,63,Orthorhombic,0.0,2.4427000000000003,False,icsd-401723,,2021-03-13 08:26:32.336000+00:00
2026.04.13,mp-29829,LiAuS,Au:0.33333333|Li:0.33333333|S:0.33333333,Au;Li;S,3,70,Orthorhombic,0.0,1.5804,False,icsd-165259;icsd-280534,,2022-06-07 02:05:18.043000+00:00
2026.04.13,mp-30249,Li4GeS4,Ge:0.11111111|Li:0.44444444|S:0.44444444,Ge;Li;S,3,62,Orthorhombic,7.778083333409569e-05,2.4834,False,icsd-290831;icsd-95649,,2022-04-30 03:13:20.122000+00:00
2026.04.13,mp-33363,LiYS2,Li:0.25000000|S:0.50000000|Y:0.25000000,Li;S;Y,3,141,Tetragonal,0.005742223749999553,1.9596999999999998,True,,,2023-10-07 15:39:54.748000+00:00
2026.04.13,mp-33667,LiDyS2,Dy:0.25000000|Li:0.25000000|S:0.50000000,Dy;Li;S,3,141,Tetragonal,0.0052540974999999435,1.9741999999999997,True,,,2023-10-07 11:17:30.107000+00:00
2026.04.13,mp-34477,LiSmS2,Li:0.25000000|S:0.50000000|Sm:0.25000000,Li;S;Sm,3,141,Tetragonal,0.004678905000000455,1.9213999999999998,True,,,2023-10-07 04:48:13.490000+00:00
2026.04.13,mp-35591,LiErS2,Er:0.25000000|Li:0.25000000|S:0.50000000,Er;Li;S,3,141,Tetragonal,0.006727233749998618,1.9886999999999997,True,,,2023-10-07 04:35:45.704000+00:00
2026.04.13,mp-3647,LiGaS2,Ga:0.25000000|Li:0.25000000|S:0.50000000,Ga;Li;S,3,33,Orthorhombic,0.0,2.9608,False,icsd-68465;icsd-96914,,2021-03-13 21:05:37.203000+00:00
2026.04.13,mp-36791,LiNdS2,Li:0.25000000|Nd:0.25000000|S:0.50000000,Li;Nd;S,3,141,Tetragonal,0.020528524062502385,1.8575,True,,,2023-10-07 10:50:45.829000+00:00
2026.04.13,mp-4556,Li2SO4,Li:0.28571429|O:0.57142857|S:0.14285714,Li;O;S,3,14,Monoclinic,0.0,6.02323767381971,False,icsd-23723;icsd-2512;icsd-30276;icsd-58,,2023-10-07 23:14:18.324000+00:00
2026.04.13,mp-510338,Cs2LiVS4,Cs:0.25000000|Li:0.12500000|S:0.50000000|V:0.12500000,Cs;Li;S;V,4,70,Orthorhombic,0.0,1.5880362099747067,False,icsd-414186,,2021-02-06 14:03:38.967000+00:00
2026.04.13,mp-532413,Li5B7S13,B:0.28000000|Li:0.20000000|S:0.52000000,B;Li;S,3,9,Monoclinic,0.0,3.5527999999999995,True,,,2021-11-21 22:01:12.342000+00:00
2026.04.13,mp-532590,LiMgCr7(SO4)12,Cr:0.10144928|Li:0.01449275|Mg:0.01449275|O:0.69565217|S:0.17391304,Cr;Li;Mg;O;S,5,1,Triclinic,0.004807484221021063,2.7801,True,,,2021-02-09 12:41:05.955000+00:00
2026.04.13,mp-553962,Rb2LiNbS4,Li:0.12500000|Nb:0.12500000|Rb:0.25000000|S:0.50000000,Li;Nb;Rb;S,4,2,Triclinic,0.0,2.306,False,icsd-414189,,2021-02-06 21:54:35.693000+00:00
2026.04.13,mp-554076,BaLiBS3,B:0.16666667|Ba:0.16666667|Li:0.16666667|S:0.50000000,B;Ba;Li;S,4,14,Monoclinic,0.0,2.1531,False,icsd-82352,,2021-02-15 22:52:47.983000+00:00
2026.04.13,mp-554395,Na5Li3(TiS4)2,Li:0.16666667|Na:0.27777778|S:0.44444444|Ti:0.11111111,Li;Na;S;Ti,4,15,Monoclinic,0.0,2.2479,False,icsd-391258,,2021-02-15 20:26:24.911000+00:00
2026.04.13,mp-554782,Li2Ga2GeS6,Ga:0.18181818|Ge:0.09090909|Li:0.18181818|S:0.54545455,Ga;Ge;Li;S,4,43,Orthorhombic,0.03543283130681818,2.1339,False,icsd-161763;icsd-195819,,2021-02-04 09:21:48.647000+00:00
2026.04.13,mp-555002,LiEr2S2O8F3,Er:0.12500000|F:0.18750000|Li:0.06250000|O:0.50000000|S:0.12500000,Er;F;Li;O;S,5,60,Orthorhombic,0.014181028124998107,6.0868,False,icsd-410044,,2021-02-09 07:25:37.506000+00:00
2026.04.13,mp-555090,LiBS4(ClO3)4,B:0.04545455|Cl:0.18181818|Li:0.04545455|O:0.54545455|S:0.18181818,B;Cl;Li;O;S,5,14,Monoclinic,0.0295049600473547,4.6226,False,icsd-16486,,2020-04-29 17:42:14.280000+00:00
2026.04.13,mp-555186,Li2ZnSnS4,Li:0.25000000|S:0.50000000|Sn:0.12500000|Zn:0.12500000,Li;S;Sn;Zn,4,7,Monoclinic,0.0,2.1985,False,icsd-419595,,2021-02-16 03:25:24.262000+00:00
2026.04.13,mp-556085,Rb2LiTaS4,Li:0.12500000|Rb:0.25000000|S:0.50000000|Ta:0.12500000,Li;Rb;S;Ta,4,2,Triclinic,0.0,2.7182,False,icsd-414188,,2021-02-16 15:08:34.994000+00:00
2026.04.13,mp-557892,BaLi(BS2)3,B:0.27272727|Ba:0.09090909|Li:0.09090909|S:0.54545455,B;Ba;Li;S,4,9,Monoclinic,0.0,2.8639,False,icsd-82353,,2021-02-17 02:47:27.327000+00:00
2026.04.13,mp-557962,SrLiBS3,B:0.16666667|Li:0.16666667|S:0.50000000|Sr:0.16666667,B;Li;S;Sr,4,62,Orthorhombic,0.0008485134722171495,2.3921999999999994,False,icsd-380105,,2021-02-22 23:15:20.025000+00:00
2026.04.13,mp-557964,Li9S3N,Li:0.69230769|N:0.07692308|S:0.23076923,Li;N;S,3,221,Cubic,0.007899086153846824,2.4272,False,icsd-240749,,2021-03-13 22:44:10.442000+00:00
2026.04.13,mp-557969,LiLa2S2O8F3,F:0.18750000|La:0.12500000|Li:0.06250000|O:0.50000000|S:0.12500000,F;La;Li;O;S,5,15,Monoclinic,0.010022679244788613,4.5891,False,icsd-410043,,2021-02-04 17:49:21.338000+00:00
2026.04.13,mp-558219,SrLi(BS2)3,B:0.27272727|Li:0.09090909|S:0.54545455|Sr:0.09090909,B;Li;S;Sr,4,9,Monoclinic,0.0,2.91,False,icsd-79616,,2021-02-04 10:56:04.059000+00:00
2026.04.13,mp-558731,Li2TeS3,Li:0.33333333|S:0.50000000|Te:0.16666667,Li;S;Te,3,14,Monoclinic,0.0,1.8764999999999996,False,icsd-415120,,2022-04-29 23:09:17.935000+00:00
2026.04.13,mp-558815,Rb2LiVS4,Li:0.12500000|Rb:0.25000000|S:0.50000000|V:0.12500000,Li;Rb;S;V,4,70,Orthorhombic,0.0,1.5836000000000001,False,icsd-414185,,2022-06-09 01:18:11.108000+00:00
2026.04.13,mp-559238,CsLi2BS3,B:0.14285714|Cs:0.14285714|Li:0.28571429|S:0.42857143,B;Cs;Li;S,4,62,Orthorhombic,0.0,3.0936,False,icsd-411530,,2021-02-09 13:10:59.086000+00:00
2026.04.13,mp-559719,LiPr(SO4)2,Li:0.08333333|O:0.66666667|Pr:0.08333333|S:0.16666667,Li;O;Pr;S,4,14,Monoclinic,0.0,5.2829,False,icsd-200311,,2021-02-10 12:39:38.176000+00:00
2026.04.13,mp-559814,Li5SbS3I2,I:0.18181818|Li:0.45454545|S:0.27272727|Sb:0.09090909,I;Li;S;Sb,4,58,Orthorhombic,0.0,2.5078999999999994,False,icsd-413355,,2021-02-23 04:54:57.830000+00:00
2026.04.13,mp-560212,Li2Ni(SO4)2,Li:0.15384615|Ni:0.07692308|O:0.61538462|S:0.15384615,Li;Ni;O;S,4,61,Orthorhombic,0.0018033458653841095,4.278599999999999,False,icsd-193963;icsd-409554,,2021-02-06 04:20:42.098000+00:00
2026.04.13,mp-560614,KLiSO4,K:0.14285714|Li:0.14285714|O:0.57142857|S:0.14285714,K;Li;O;S,4,33,Orthorhombic,0.008812724642857539,5.260300000000001,False,icsd-88832,,2021-02-05 03:20:00.907000+00:00
2026.04.13,mp-5614,Li3BS3,B:0.14285714|Li:0.42857143|S:0.42857143,B;Li;S,3,62,Orthorhombic,0.0,3.0495,False,icsd-380104;icsd-75223,,2022-04-30 04:17:19.183000+00:00
2026.04.13,mp-573030,Cs2LiNbS4,Cs:0.25000000|Li:0.12500000|Nb:0.12500000|S:0.50000000,Cs;Li;Nb;S,4,2,Triclinic,0.0,2.4582,False,icsd-414187,,2021-02-16 13:46:06.186000+00:00
2026.04.13,mp-6179,KLiSO4,K:0.14285714|Li:0.14285714|O:0.57142857|S:0.14285714,K;Li;O;S,4,173,Hexagonal,0.00019388714285728526,5.3221,False,icsd-20851;icsd-280391;icsd-33251;icsd-36038;icsd-36470;icsd-36471;icsd-36472;icsd-48136;icsd-56106;icsd-71364;icsd-86284;icsd-88827;icsd-88828,,2023-10-07 18:22:40.245000+00:00
2026.04.13,mp-6211,RbLiSO4,Li:0.14285714|O:0.57142857|Rb:0.14285714|S:0.14285714,Li;O;Rb;S,4,14,Monoclinic,0.0,5.2348,False,icsd-174059;icsd-200524;icsd-26337,,2021-05-23 02:41:23.771000+00:00
2026.04.13,mp-6318,KLiSO4,K:0.14285714|Li:0.14285714|O:0.57142857|S:0.14285714,K;Li;O;S,4,9,Monoclinic,7.57285714287903e-05,5.3179,False,icsd-71366;icsd-71367,,2021-02-24 13:48:07.492000+00:00
2026.04.13,mp-641703,Li7P3S11,Li:0.33333333|P:0.14285714|S:0.52380952,Li;P;S,3,2,Triclinic,0.019883183531745452,2.4142,False,icsd-157654,,2021-03-10 00:44:31.608000+00:00
2026.04.13,mp-6597,CsLiSO4,Cs:0.14285714|Li:0.14285714|O:0.57142857|S:0.14285714,Cs;Li;O;S,4,62,Orthorhombic,0.003316206428570112,5.1697999999999995,False,icsd-200623;icsd-63179;icsd-88900,,2021-02-05 09:53:53.351000+00:00
2026.04.13,mp-6726,CsLiSO4,Cs:0.14285714|Li:0.14285714|O:0.57142857|S:0.14285714,Cs;Li;O;S,4,14,Monoclinic,0.0,5.2736,False,icsd-200624;icsd-63181;icsd-63182;icsd-63183,,2023-10-07 11:57:59.930000+00:00
2026.04.13,mp-675419,LiPrS2,Li:0.25000000|Pr:0.25000000|S:0.50000000,Li;Pr;S,3,9,Monoclinic,0.03416889437500181,1.8884,True,,,2021-02-04 16:39:52.526000+00:00
2026.04.13,mp-677680,LiMgAl3(SO4)6,Al:0.08571429|Li:0.02857143|Mg:0.02857143|O:0.68571429|S:0.17142857,Al;Li;Mg;O;S,5,2,Triclinic,0.016932808607148075,5.7139999999999995,True,,,2021-02-24 06:53:30.614000+00:00
2026.04.13,mp-6783,NaLiSO4,Li:0.14285714|Na:0.14285714|O:0.57142857|S:0.14285714,Li;Na;O;S,4,159,Trigonal,0.00014546970238082935,5.5381,False,icsd-14364;icsd-67702;icsd-67703;icsd-95407,,2021-02-07 10:01:45.727000+00:00
2026.04.13,mp-679944,Li4Re6S11,Li:0.19047619|Re:0.28571429|S:0.52380952,Li;Re;S,3,56,Orthorhombic,0.023736385476196276,1.5798,False,icsd-201810,,2021-02-24 01:04:59.465000+00:00
2026.04.13,mp-6800,KLiSO4,K:0.14285714|Li:0.14285714|O:0.57142857|S:0.14285714,K;Li;O;S,4,159,Trigonal,0.0,5.3245,False,icsd-62981;icsd-71365;icsd-88829,,2021-03-10 00:06:01.759000+00:00
2026.04.13,mp-691187,LiPrS2,Li:0.25000000|Pr:0.25000000|S:0.50000000,Li;Pr;S,3,1,Triclinic,0.04099099062500233,1.8862,True,,,2021-02-20 07:31:06.036000+00:00
2026.04.13,mp-694995,LiMgCr3(SO4)6,Cr:0.08571429|Li:0.02857143|Mg:0.02857143|O:0.68571429|S:0.17142857,Cr;Li;Mg;O;S,5,2,Triclinic,0.00770653889286077,2.6414,True,,,2021-02-09 10:56:49.525000+00:00
2026.04.13,mp-695469,Li3Cr13Ni3(SO4)24,Cr:0.09352518|Li:0.02158273|Ni:0.02158273|O:0.69064748|S:0.17266187,Cr;Li;Ni;O;S,5,1,Triclinic,0.028480406825536875,2.2487,True,,,2020-04-29 08:17:39.472000+00:00
2026.04.13,mp-696123,Li10Sn(PS6)2,Li:0.40000000|P:0.08000000|S:0.48000000|Sn:0.04000000,Li;P;S;Sn,4,105,Tetragonal,0.0350227293000005,2.0004,True,,,2021-02-23 18:52:49.124000+00:00
2026.04.13,mp-696128,Li10Ge(PS6)2,Ge:0.04000000|Li:0.40000000|P:0.08000000|S:0.48000000,Ge;Li;P;S,4,105,Tetragonal,0.0298671299000004,2.0551,True,,,2023-10-08 02:30:39.784000+00:00
2026.04.13,mp-696129,Li10Si(PS6)2,Li:0.40000000|P:0.08000000|S:0.48000000|Si:0.04000000,Li;P;S;Si,4,105,Tetragonal,0.01784785039999992,2.3830999999999998,True,,,2021-02-24 17:23:26.648000+00:00
2026.04.13,mp-696138,Li10Ge(PS6)2,Ge:0.04000000|Li:0.40000000|P:0.08000000|S:0.48000000,Ge;Li;P;S,4,1,Triclinic,0.018760533900000098,2.3653,True,,,2021-02-22 23:41:10.625000+00:00
2026.04.13,mp-704145,Li2Mn2(SO4)3,Li:0.10526316|Mn:0.10526316|O:0.63157895|S:0.15789474,Li;Mn;O;S,4,61,Orthorhombic,0.007731198157890695,4.4239,False,icsd-93650,,2020-04-29 10:49:16.051000+00:00
2026.04.13,mp-720509,Li10Si(PS6)2,Li:0.40000000|P:0.08000000|S:0.48000000|Si:0.04000000,Li;P;S;Si,4,1,Triclinic,0.006719742999999667,2.5638,True,,,2021-02-23 03:33:39.501000+00:00
2026.04.13,mp-721236,Li10Sn(PS6)2,Li:0.40000000|P:0.08000000|S:0.48000000|Sn:0.04000000,Li;P;S;Sn,4,1,Triclinic,0.023375087500000724,2.339,True,,,2021-02-20 13:58:19.270000+00:00
2026.04.13,mp-722181,KLiS,K:0.33333333|Li:0.33333333|S:0.33333333,K;Li;S,3,194,Hexagonal,0.048966201666666986,2.7753,False,icsd-27465,,2021-05-22 03:54:33.029000+00:00
2026.04.13,mp-753195,Li2WS4,Li:0.28571429|S:0.57142857|W:0.14285714,Li;S;W,3,121,Tetragonal,0.03154619428571337,1.9870999999999999,True,,,2023-10-08 04:36:33.785000+00:00
2026.04.13,mp-753371,LiCuS,Cu:0.33333333|Li:0.33333333|S:0.33333333,Cu;Li;S,3,139,Tetragonal,0.048570157013887894,1.8048,True,,,2023-10-07 05:58:33.743000+00:00
2026.04.13,mp-753520,Li3BiS3,Bi:0.14285714|Li:0.42857143|S:0.42857143,Bi;Li;S,3,33,Orthorhombic,0.0381694296428563,2.2533999999999996,True,,,2021-02-24 09:12:16.238000+00:00
2026.04.13,mp-753546,Li8TiS6,Li:0.53333333|S:0.40000000|Ti:0.06666667,Li;S;Ti,3,185,Hexagonal,0.0034980028333322366,2.2894,True,,,2022-04-29 00:52:38.225000+00:00
2026.04.13,mp-753677,Li3BiS3,Bi:0.14285714|Li:0.42857143|S:0.42857143,Bi;Li;S,3,161,Trigonal,0.04869412214285607,2.558,True,,,2021-02-24 06:21:34.735000+00:00
2026.04.13,mp-753720,Li3BiS3,Bi:0.14285714|Li:0.42857143|S:0.42857143,Bi;Li;S,3,148,Trigonal,0.02513504999999938,2.4456999999999995,True,,,2021-02-20 06:23:23.911000+00:00
2026.04.13,mp-753737,Li3CuS2,Cu:0.16666667|Li:0.50000000|S:0.33333333,Cu;Li;S,3,60,Orthorhombic,0.042037790833330924,1.9809999999999999,True,,,2021-02-24 14:59:25.231000+00:00
2026.04.13,mp-753968,Li2WS4,Li:0.28571429|S:0.57142857|W:0.14285714,Li;S;W,3,62,Orthorhombic,0.04810947999999993,1.6913,True,,,2021-02-22 22:04:27.487000+00:00
2026.04.13,mp-754856,Li7Y7ZrS16,Li:0.22580645|S:0.51612903|Y:0.22580645|Zr:0.03225806,Li;S;Y;Zr,4,10,Monoclinic,0.006665655483870658,1.7430999999999996,True,,,2021-02-09 00:15:45.132000+00:00
2026.04.13,mp-755139,Li5BiS4,Bi:0.10000000|Li:0.50000000|S:0.40000000,Bi;Li;S,3,71,Orthorhombic,0.045051347999999436,1.7858000000000005,True,,,2021-02-24 03:13:47.481000+00:00
2026.04.13,mp-755243,Li5CuSO2,Cu:0.11111111|Li:0.55555556|O:0.22222222|S:0.11111111,Cu;Li;O;S,4,123,Tetragonal,0.045453221840276115,2.3831999999999995,True,,,2021-02-20 15:33:30.609000+00:00
2026.04.13,mp-755309,Li3NbS4,Li:0.37500000|Nb:0.12500000|S:0.50000000,Li;Nb;S,3,215,Cubic,0.007749648684209021,2.7598,True,,,2023-10-08 06:55:16.125000+00:00
2026.04.13,mp-755463,Li3SbS3,Li:0.42857143|S:0.42857143|Sb:0.14285714,Li;S;Sb,3,148,Trigonal,0.03847656642857089,2.0987999999999998,True,,,2021-02-24 15:25:42.395000+00:00
2026.04.13,mp-755642,Li3VS4,Li:0.37500000|S:0.50000000|V:0.12500000,Li;S;V,3,31,Orthorhombic,0.03682002874999846,1.6175,True,,,2021-02-16 13:05:35.865000+00:00
2026.04.13,mp-756198,Li14Mn2S9,Li:0.56000000|Mn:0.08000000|S:0.36000000,Li;Mn;S,3,147,Trigonal,0.00026434520000417905,1.7707,True,,,2021-12-30 05:01:13.118000+00:00
2026.04.13,mp-756316,Li3SbS4,Li:0.37500000|S:0.50000000|Sb:0.12500000,Li;S;Sb,3,31,Orthorhombic,0.0,2.1452,True,,,2021-03-14 07:02:38.944000+00:00
2026.04.13,mp-756490,Li6MnS4,Li:0.54545455|Mn:0.09090909|S:0.36363636,Li;Mn;S,3,137,Tetragonal,0.0,1.8486,True,,,2023-10-08 06:10:38.088000+00:00
2026.04.13,mp-756811,Li4TiS4,Li:0.44444444|S:0.44444444|Ti:0.11111111,Li;S;Ti,3,63,Orthorhombic,0.025013956944444082,2.1619,True,,,2021-02-20 09:30:30.900000+00:00
2026.04.13,mp-758969,Li2Mn(SO4)2,Li:0.15384615|Mn:0.07692308|O:0.61538462|S:0.15384615,Li;Mn;O;S,4,61,Orthorhombic,0.013533118653845655,4.3788,True,,,2021-02-06 11:29:29.275000+00:00
2026.04.13,mp-759347,Li2V(SO4)2,Li:0.15384615|O:0.61538462|S:0.15384615|V:0.07692308,Li;O;S;V,4,61,Orthorhombic,0.03629283257085092,3.4122000000000003,True,,,2021-02-05 10:27:58.554000+00:00
2026.04.13,mp-760375,Li3VS4,Li:0.37500000|S:0.50000000|V:0.12500000,Li;S;V,3,215,Cubic,0.0,1.8832,True,,,2023-10-07 13:13:42.404000+00:00
2026.04.13,mp-760415,Li3SbS4,Li:0.37500000|S:0.50000000|Sb:0.12500000,Li;S;Sb,3,121,Tetragonal,0.004864941874998863,2.0975,True,,,2023-10-08 05:30:55.298000+00:00
2026.04.13,mp-764857,Li2Ni2(SO4)3,Li:0.10526316|Ni:0.10526316|O:0.63157895|S:0.15789474,Li;Ni;O;S,4,61,Orthorhombic,0.03846968756578928,3.6558,True,,,2014-04-17 08:06:36+00:00
2026.04.13,mp-765354,Li2Co2(SO4)3,Co:0.10526316|Li:0.10526316|O:0.63157895|S:0.15789474,Co;Li;O;S,4,61,Orthorhombic,0.03242996203947435,2.7744,True,,,2019-11-05 09:30:52.090000+00:00
2026.04.13,mp-766088,LiCr3Ni(SO4)6,Cr:0.08571429|Li:0.02857143|Ni:0.02857143|O:0.68571429|S:0.17142857,Cr;Li;Ni;O;S,5,1,Triclinic,0.009440651035711234,2.3309,True,,,2021-02-23 14:14:49.631000+00:00
2026.04.13,mp-766506,Li3CuS2,Cu:0.16666667|Li:0.50000000|S:0.33333333,Cu;Li;S,3,206,Cubic,0.018447646458331413,2.0526000000000004,True,,,2022-01-01 06:57:11.433000+00:00
2026.04.13,mp-766540,Li4TiS4,Li:0.44444444|S:0.44444444|Ti:0.11111111,Li;S;Ti,3,62,Orthorhombic,0.0,2.3658,True,,,2022-04-29 02:26:54.375000+00:00
2026.04.13,mp-767165,K2LiVS4,K:0.25000000|Li:0.12500000|S:0.50000000|V:0.12500000,K;Li;S;V,4,9,Monoclinic,0.0,1.5185,True,,,2021-02-15 20:51:00.056000+00:00
2026.04.13,mp-768590,Li2Ni2(SO4)3,Li:0.10526316|Ni:0.10526316|O:0.63157895|S:0.15789474,Li;Ni;O;S,4,15,Monoclinic,0.015751782500000644,3.5479000000000003,True,,,2021-02-23 08:58:09.705000+00:00
2026.04.13,mp-768659,Li2Co2(SO4)3,Co:0.10526316|Li:0.10526316|O:0.63157895|S:0.15789474,Co;Li;O;S,4,15,Monoclinic,0.036282792763159044,2.703,True,,,2021-02-24 02:57:15.190000+00:00
2026.04.13,mp-768742,Li2Mn2(SO4)3,Li:0.10526316|Mn:0.10526316|O:0.63157895|S:0.15789474,Li;Mn;O;S,4,15,Monoclinic,0.012794903157892001,4.3938,True,,,2021-02-23 06:21:10.890000+00:00
2026.04.13,mp-768755,Li2Sn2(SO4)3,Li:0.10526316|O:0.63157895|S:0.15789474|Sn:0.10526316,Li;O;S;Sn,4,60,Orthorhombic,0.03514805328946835,3.9623,True,,,2021-02-24 09:41:34.122000+00:00
2026.04.13,mp-768831,Li2Fe2(SO4)3,Fe:0.10526316|Li:0.10526316|O:0.63157895|S:0.15789474,Fe;Li;O;S,4,15,Monoclinic,0.01661025276314909,4.2958,True,,,2021-02-15 20:52:58.069000+00:00
2026.04.13,mp-769287,Li2TiS2O,Li:0.33333333|O:0.16666667|S:0.33333333|Ti:0.16666667,Li;O;S;Ti,4,14,Monoclinic,0.027613073564816126,2.2463,True,,,2021-02-24 13:20:57.242000+00:00
2026.04.13,mp-769549,LiZnCr3(SO4)6,Cr:0.08571429|Li:0.02857143|O:0.68571429|S:0.17142857|Zn:0.02857143,Cr;Li;O;S;Zn,5,1,Triclinic,0.010758301249997437,2.2921,True,,,2021-02-17 00:38:54.203000+00:00
2026.04.13,mp-769554,LiMgCr3(SO4)6,Cr:0.08571429|Li:0.02857143|Mg:0.02857143|O:0.68571429|S:0.17142857,Cr;Li;Mg;O;S,5,1,Triclinic,0.008685567750004175,2.4161,True,,,2021-02-23 13:27:35.950000+00:00
2026.04.13,mp-770191,Li2V2(SO4)3,Li:0.10526316|O:0.63157895|S:0.15789474|V:0.10526316,Li;O;S;V,4,60,Orthorhombic,0.046455135886422916,3.4617999999999998,True,,,2021-02-06 11:43:01.434000+00:00
2026.04.13,mp-770383,Li2Cr2(SO4)3,Cr:0.10526316|Li:0.10526316|O:0.63157895|S:0.15789474,Cr;Li;O;S,4,15,Monoclinic,0.04884403287594452,2.2954,True,,,2021-02-17 00:46:43.559000+00:00
2026.04.13,mp-770410,Li2Cr2(SO4)3,Cr:0.10526316|Li:0.10526316|O:0.63157895|S:0.15789474,Cr;Li;O;S,4,60,Orthorhombic,0.04576767366541734,2.5069999999999997,True,,,2021-02-05 18:53:22.301000+00:00
2026.04.13,mp-771819,LiFe(SO4)2,Fe:0.08333333|Li:0.08333333|O:0.66666667|S:0.16666667,Fe;Li;O;S,4,1,Triclinic,0.020576667256950287,2.0517,True,,,2021-02-23 18:17:12.110000+00:00
2026.04.13,mp-771941,LiV(SO4)2,Li:0.08333333|O:0.66666667|S:0.16666667|V:0.08333333,Li;O;S;V,4,1,Triclinic,0.014586994652780128,1.8683,True,,,2021-02-04 10:50:26.220000+00:00
2026.04.13,mp-773160,LiCrCSO7,C:0.09090909|Cr:0.09090909|Li:0.09090909|O:0.63636364|S:0.09090909,C;Cr;Li;O;S,5,4,Monoclinic,0.037364464374999073,2.5005,True,,,2021-03-10 01:30:02.058000+00:00
2026.04.13,mp-7744,LiSO3F,F:0.16666667|Li:0.16666667|O:0.50000000|S:0.16666667,F;Li;O;S,4,12,Monoclinic,0.0,5.7916,False,icsd-1384,,2021-03-09 21:04:05.544000+00:00
2026.04.13,mp-774736,LiCuS,Cu:0.33333333|Li:0.33333333|S:0.33333333,Cu;Li;S,3,9,Monoclinic,0.005218714513887335,1.6984,True,,,2014-02-20 10:21:10+00:00
2026.04.13,mp-774907,KLiZnS2,K:0.20000000|Li:0.20000000|S:0.40000000|Zn:0.20000000,K;Li;S;Zn,4,119,Tetragonal,0.0,2.4361,True,,,2022-09-16 23:26:05.112000+00:00
2026.04.13,mp-775806,Li3SbS3,Li:0.42857143|S:0.42857143|Sb:0.14285714,Li;S;Sb,3,14,Monoclinic,0.03977563732142819,2.2886,True,,,2021-02-05 05:01:42.910000+00:00
2026.04.13,mp-776423,Li6Ni2C4SO16,C:0.13793103|Li:0.20689655|Ni:0.06896552|O:0.55172414|S:0.03448276,C;Li;Ni;O;S,5,203,Cubic,0.04172341818965819,3.6761,True,,,2021-02-16 21:39:36.872000+00:00
2026.04.13,mp-776761,LiCr(SO4)2,Cr:0.08333333|Li:0.08333333|O:0.66666667|S:0.16666667,Cr;Li;O;S,4,1,Triclinic,0.021807854409722438,2.1597,True,,,2021-02-20 04:38:18.529000+00:00
2026.04.13,mp-777573,Li2Fe2(SO4)3,Fe:0.10526316|Li:0.10526316|O:0.63157895|S:0.15789474,Fe;Li;O;S,4,60,Orthorhombic,0.008113624736832747,3.8848000000000003,True,,,2021-02-21 17:27:20.394000+00:00
2026.04.13,mp-777817,Li2Mn2(SO4)3,Li:0.10526316|Mn:0.10526316|O:0.63157895|S:0.15789474,Li;Mn;O;S,4,60,Orthorhombic,0.004813057499997164,4.4361,True,,,2021-02-05 08:42:04.684000+00:00
2026.04.13,mp-777931,Li2Sn2(SO4)3,Li:0.10526316|O:0.63157895|S:0.15789474|Sn:0.10526316,Li;O;S;Sn,4,61,Orthorhombic,0.031441868421047126,3.8156,True,,,2014-03-11 10:28:30+00:00
2026.04.13,mp-778578,Li2Co2(SO4)3,Co:0.10526316|Li:0.10526316|O:0.63157895|S:0.15789474,Co;Li;O;S,4,60,Orthorhombic,0.012899810657895472,2.9645,True,,,2021-02-05 15:50:45.632000+00:00
2026.04.13,mp-779809,LiSb(SO4)2,Li:0.08333333|O:0.66666667|S:0.16666667|Sb:0.08333333,Li;O;S;Sb,4,7,Monoclinic,0.025203409062519277,3.2512,True,,,2020-04-29 10:04:54.314000+00:00
2026.04.13,mp-780338,LiCr(SO4)2,Cr:0.08333333|Li:0.08333333|O:0.66666667|S:0.16666667,Cr;Li;O;S,4,7,Monoclinic,0.022433159583334472,2.136,True,,,2021-02-05 04:54:17.621000+00:00
2026.04.13,mp-780523,LiFe(SO4)2,Fe:0.08333333|Li:0.08333333|O:0.66666667|S:0.16666667,Fe;Li;O;S,4,7,Monoclinic,0.027069799375006198,1.9499000000000002,True,,,2021-02-06 06:59:27.253000+00:00
2026.04.13,mp-780594,Li2Fe(SO4)2,Fe:0.07692308|Li:0.15384615|O:0.61538462|S:0.15384615,Fe;Li;O;S,4,61,Orthorhombic,0.0075716631730724515,4.5495,True,,,2021-02-05 20:56:03.358000+00:00
2026.04.13,mp-8430,KLiS,K:0.33333333|Li:0.33333333|S:0.33333333,K;Li;S,3,129,Tetragonal,0.0,3.0571,False,icsd-290450;icsd-47229,,2022-09-16 22:50:31.301000+00:00
2026.04.13,mp-8452,NaLiS,Li:0.33333333|Na:0.33333333|S:0.33333333,Li;Na;S,3,129,Tetragonal,0.0,2.2642,False,icsd-61091,,2023-10-07 23:35:27.492000+00:00
2026.04.13,mp-849740,LiFe(SO4)2,Fe:0.08333333|Li:0.08333333|O:0.66666667|S:0.16666667,Fe;Li;O;S,4,1,Triclinic,0.028249122256950088,2.0749,True,,,2021-02-24 04:40:08.570000+00:00
2026.04.13,mp-850862,Li2Cr(SO4)2,Cr:0.07692308|Li:0.15384615|O:0.61538462|S:0.15384615,Cr;Li;O;S,4,61,Orthorhombic,0.03595240469780503,2.3360999999999996,True,,,2021-02-06 07:47:47.831000+00:00
2026.04.13,mp-850927,Li2Co(SO4)2,Co:0.07692308|Li:0.15384615|O:0.61538462|S:0.15384615,Co;Li;O;S,4,61,Orthorhombic,0.0086382949038466,3.0926,True,,,2021-02-06 04:55:13.382000+00:00
2026.04.13,mp-853967,LiCuS,Cu:0.33333333|Li:0.33333333|S:0.33333333,Cu;Li;S,3,70,Orthorhombic,0.005550737013887641,1.5648000000000004,True,,,2023-10-07 13:11:38.106000+00:00
2026.04.13,mp-861182,Li4TiS4,Li:0.44444444|S:0.44444444|Ti:0.11111111,Li;S;Ti,3,121,Tetragonal,0.011638242500000118,2.4707,True,,,2023-10-07 19:40:52.012000+00:00
2026.04.13,mp-861184,Li2WS4,Li:0.28571429|S:0.57142857|W:0.14285714,Li;S;W,3,111,Tetragonal,0.03673026285714176,1.9196,True,,,2023-10-07 08:54:22.325000+00:00
2026.04.13,mp-861449,LiCr(SO4)2,Cr:0.08333333|Li:0.08333333|O:0.66666667|S:0.16666667,Cr;Li;O;S,4,1,Triclinic,0.025767500798612453,2.2689,True,,,2021-02-23 04:22:48.827000+00:00
2026.04.13,mp-8751,RbLiS,Li:0.33333333|Rb:0.33333333|S:0.33333333,Li;Rb;S,3,129,Tetragonal,0.0,2.745,False,icsd-67254,,2022-09-16 22:13:31.435000+00:00
2026.04.13,mp-942700,LiNiSO4F,F:0.12500000|Li:0.12500000|Ni:0.12500000|O:0.50000000|S:0.12500000,F;Li;Ni;O;S,5,2,Triclinic,0.001509216406247127,4.1658,True,icsd-180391,,2021-02-05 11:57:07.142000+00:00
2026.04.13,mp-942701,LiCoSO4F,Co:0.12500000|F:0.12500000|Li:0.12500000|O:0.50000000|S:0.12500000,Co;F;Li;O;S,5,2,Triclinic,0.00727273625000624,2.9190000000000005,False,icsd-167202,,2020-07-15 05:47:48.956000+00:00
2026.04.13,mp-942702,LiMnSO4F,F:0.12500000|Li:0.12500000|Mn:0.12500000|O:0.50000000|S:0.12500000,F;Li;Mn;O;S,5,2,Triclinic,0.012443978906232722,3.9043,True,,,2020-11-10 20:25:32.762000+00:00
2026.04.13,mp-950995,Li6PS5I,I:0.07692308|Li:0.46153846|P:0.07692308|S:0.38461538,I;Li;P;S,4,9,Monoclinic,0.0021249259615379046,2.2742,False,icsd-421083,,2023-10-08 10:06:02.445000+00:00
2026.04.13,mp-985582,Li6PS5I,I:0.07692308|Li:0.46153846|P:0.07692308|S:0.38461538,I;Li;P;S,4,216,Cubic,0.018937180192306613,2.0205,True,,,2021-02-15 23:35:18.502000+00:00
2026.04.13,mp-985583,Li3PS4,Li:0.37500000|P:0.12500000|S:0.50000000,Li;P;S,3,62,Orthorhombic,0.0,2.8095035353998923,True,,,2023-10-07 19:40:26.619000+00:00
